,aov_eur,available_stock_value_after_discount_complete_eur,avg_temp,cpc,cr_tracked_%,email_recipients,email_visits,internalWeeks_until_SeasonalSaleStart,internal_Week_of_FW_Season,internal_Week_of_SS_Season,is_Peak_Driving_Public_Holiday_week,is_Sun_to_Mon_Shift_week,is_black_week_event,is_email_campaign_type_deal,is_email_campaign_type_liveshop,is_email_campaign_type_newsletter,is_percentage_on_top,is_percentage_on_top_applicable,is_season_sale_event,is_temp_drop_flag,number_days_after_last_event,number_days_till_next_event,number_orders,number_visits,sku_with_discount_%,stock_discount_rate_total_%,target_cpr,cogs_eur
2022-03-14,-1.1017937786636678,-1.7799061784468735,-0.951200881325616,-2.1089019066553782,0.9288132925768149,-0.8396439365757676,-0.6846326065660578,2.1358321522558494,-0.9440085551464042,-0.1473197062131671,-0.4855041562276122,-0.36155076303109357,-0.18264128403130628,0.10402004035104584,0.48528243526708187,-0.15861443940831435,-0.4300366343107469,-0.19788883887127906,-0.6771023866106812,-0.17772852751414134,-0.18509775336148285,-0.36179203839737967,-0.5165694226861005,-0.9998223817631037,1.1436824027828365,0.19612447714388836,-1.282726915603091,2904377.47
2022-03-21,-0.7608124904554159,-1.7103101009634631,-0.6443768120301171,-1.540845927588252,0.9377920350938892,-0.39322231247275463,0.2647857752799237,1.9741965606809317,-0.9440085551464042,-0.059565567391649366,-0.4855041562276122,-0.36155076303109357,-0.18264128403130628,1.003793389387592,0.48528243526708187,-0.15861443940831435,-0.4300366343107469,-0.19788883887127906,0.34445615597927104,-0.17772852751414134,-0.37820856905888184,-0.5741415639028815,-0.23402747910667282,-0.7011812379306649,0.9497089783137805,-0.15044037596707716,-1.040787612191474,3219766.3
2022-03-28,-1.2480302276807473,-1.569045244357463,-0.3464461940185456,-1.6686920361117927,0.717302336948349,-1.2045662279325715,-1.1956634630536553,1.812560969106014,-0.9440085551464042,0.028188571429868373,-0.4855041562276122,-0.36155076303109357,-0.18264128403130628,-0.7957533086855002,0.48528243526708187,1.0886718341207025,-0.4300366343107469,-0.19788883887127906,-0.6771023866106812,-0.17772852751414134,-0.4747639769075813,-0.36179203839737967,-0.7661416173090645,-1.1668963953853522,0.5663928315224768,-0.5839574422326098,-0.8428372730365158,2532829.5300000003
2022-04-04,-0.6210120444870761,-1.415051705005298,-1.1246231813622023,-1.4091487219588135,0.9889758227498014,-0.07375064278847103,0.0016877312868127344,1.6509253775310961,-0.9440085551464042,0.11594271025138611,-0.4855041562276122,-0.36155076303109357,-0.18264128403130628,1.003793389387592,0.48528243526708187,-0.15861443940831435,1.11988706851757,-0.19788883887127906,-0.6771023866106812,-0.17772852751414134,-0.502351236292924,-0.003452214106845313,-0.31229394547216527,-0.8411076926947837,-0.14242600437231742,-1.0858881289184183,-0.7674276200251133,3182832.78
2022-04-11,-0.4079602985532537,-1.2674483339459,-0.6199198209993165,-1.542330925209021,-0.16522783309906217,-0.8811447053039743,-0.8217749778344826,1.4892897859561784,-0.9440085551464042,0.20369684907290384,2.059714602177749,2.765863337187866,-0.18264128403130628,-0.7957533086855002,0.48528243526708187,1.0886718341207025,-0.4300366343107469,-0.19788883887127906,-0.6771023866106812,-0.17772852751414134,-0.4747639769075813,3.6330334101748747,-0.9134782402421039,-1.0718979357749099,0.2740623879925654,-1.2598910969521924,-0.8805420995422285,2511949.33
2022-04-18,-1.8356855900656492,-1.1940391059741802,-0.13300336320428577,-1.5343244364528346,0.5705139575380495,-0.7174884313160403,-0.49179077392922865,1.3276541943812608,-0.9440085551464042,0.2914509878944216,2.059714602177749,2.765863337187866,-0.18264128403130628,0.10402004035104584,0.48528243526708187,-0.15861443940831435,-0.4300366343107469,-0.19788883887127906,-0.6771023866106812,-0.17772852751414134,-0.1368200494371331,3.307873199244575,-1.012387487111495,-1.438641929861825,0.4244023671259232,-1.2088229193682496,-1.3172896732333306,2135238.1799999997
2022-04-25,-2.123485345483312,-1.1698325416352098,-0.22416123886454317,-1.2356695660202293,1.6697189513179136,-0.8200228319763284,-0.7696795992605042,1.1660186028063428,-0.9440085551464042,0.3792051267159393,2.059714602177749,-0.36155076303109357,-0.18264128403130628,0.10402004035104584,0.48528243526708187,-0.15861443940831435,-0.4300366343107469,-0.19788883887127906,-0.6771023866106812,-0.17772852751414134,0.2011238780333151,2.982712988314275,-0.14235788037608982,-0.8624379175118856,0.34382071331711983,-1.4027280537951345,-1.4429724282523593,2728712.1500000004
2022-05-02,-1.554034437874118,-1.0687762508524012,-0.17969398244490525,-1.171579108413547,1.2290057474644522,-0.7746625526849812,-0.7043848525303157,1.0043830112314251,-0.9440085551464042,0.46695926553745704,2.059714602177749,-0.36155076303109357,-0.18264128403130628,0.10402004035104584,0.48528243526708187,-0.15861443940831435,-0.4300366343107469,-0.19788883887127906,-0.6771023866106812,-0.17772852751414134,0.5390678055037633,2.657552777383975,-0.6452199267743787,-1.277799167319873,0.35940111866985486,-1.2736136604952193,-1.2984372599804743,2441880.22
2022-05-09,-0.5487884076588627,-0.9731450883608548,0.24719167918361498,-0.740673991434863,0.8006416321444447,-0.7386558613234662,-0.8130222053337333,0.8427474196565073,-0.9440085551464042,0.5547134043589748,-0.4855041562276122,-0.36155076303109357,-0.18264128403130628,-0.7957533086855002,0.48528243526708187,1.0886718341207025,-0.4300366343107469,-0.19788883887127906,-0.6771023866106812,-0.17772852751414134,0.8770117329742115,2.332392566453675,-0.9559377982453836,-1.45611192837792,0.7302218116073287,-1.0654717856410114,-1.336142086486187,2387040.46
2022-05-16,-1.2900258552814337,-0.9539266576275557,0.8363828267438118,0.4516786843901256,3.301782166042668,-0.41389811184774994,-0.2322968127305439,0.6811118280815897,-0.9440085551464042,0.6424675431804925,-0.4855041562276122,-0.36155076303109357,-0.18264128403130628,0.10402004035104584,0.48528243526708187,-0.15861443940831435,-0.4300366343107469,-0.19788883887127906,-0.6771023866106812,-0.17772852751414134,1.2149556604446599,2.0072323555233758,0.355416845708442,-0.869024597354163,0.9065166511200821,-0.5749120273193273,-1.2638745023502345,3423222.54
2022-05-23,-1.2435572860448594,-0.8356756931385682,1.0542723832000354,0.030408714713474044,1.9377603182105712,-0.7442633919130264,-0.6285586950371935,0.5194762365066719,-0.9440085551464042,0.7302216820020102,2.059714602177749,-0.36155076303109357,-0.18264128403130628,-0.7957533086855002,0.48528243526708187,1.0886718341207025,-0.4300366343107469,-0.19788883887127906,-0.6771023866106812,-0.17772852751414134,1.5528995879151077,1.6820721445930757,-0.12983524575761105,-0.9312291297990589,0.3882643901568983,-1.0632343526187673,-1.1947489870897765,2973437.25
2022-05-30,-0.4092813144885074,-0.6817422778630592,0.32056265227601716,-1.2171578383308364,0.7270940327266849,-1.4067251641851295,-1.259507215412062,0.35784064493175405,-0.9440085551464042,0.8179758208235279,2.059714602177749,2.765863337187866,-0.18264128403130628,-0.7957533086855002,-1.1292148974484018,-0.15861443940831435,-0.4300366343107469,-0.19788883887127906,-0.6771023866106812,-0.17772852751414134,1.890843515385556,1.356911933662776,-0.9811787336482549,-1.5020252260489864,0.2783649119432607,-1.3873460102565423,-1.7100482826677754,2369902.91
2022-06-06,-0.5670123568502838,-0.6177272457668214,0.7185445972317726,-1.4928373211288004,0.5262324046578968,-1.2862693562828222,-1.1876127846037683,0.19620505335683616,-0.9440085551464042,0.9057299596450458,2.059714602177749,2.765863337187866,-0.18264128403130628,-0.7957533086855002,0.48528243526708187,-0.15861443940831435,-0.4300366343107469,-0.19788883887127906,-0.6771023866106812,-0.17772852751414134,2.2287874428560044,1.0317517227324764,-1.1967050154022296,-1.6762348095003687,0.22869433396827257,-1.5160369793161386,-2.131085511981494,2138246.43
2022-06-13,-0.863506882556758,-0.6064046663432656,0.9119771626571959,-1.3143190860394656,0.9797803521987791,-0.8853781913054595,-0.7327026459150927,0.03456946178191839,-0.9440085551464042,0.9934840984665635,-0.4855041562276122,-0.36155076303109357,-0.18264128403130628,-0.7957533086855002,0.48528243526708187,-0.15861443940831435,-0.4300366343107469,-0.19788883887127906,-0.6771023866106812,-0.17772852751414134,2.5667313703264525,0.7065915118021766,-0.9500678132679716,-1.5781589666849278,0.339507739722183,-1.3874196870784854,-2.1625062007362397,2298396.04
2022-06-20,-1.330528961890883,-0.7172998153642143,1.2454815858044765,-0.7973180537086636,1.984806265998093,-0.8934501780139984,-1.1475934237046206,-0.1270661297929994,-0.9440085551464042,1.081238237288081,-0.4855041562276122,-0.36155076303109357,-0.18264128403130628,-0.7957533086855002,-1.1292148974484018,1.0886718341207025,-0.4300366343107469,-0.19788883887127906,-0.6771023866106812,-0.17772852751414134,2.9046752977969006,0.3814313008718769,-0.8071336790679912,-1.690191012280932,0.6158108235276968,-0.9108281318704139,-1.6440648362827903,2358453.42
2022-06-27,-1.5328047710463435,-0.8663559139316493,1.4166805230200818,-0.5725514167930842,1.2420019733187675,-0.784839726973415,-0.8684876353518505,-0.28870172136791716,-0.9440085551464042,1.1689923761095988,-0.4855041562276122,-0.36155076303109357,-0.18264128403130628,0.10402004035104584,0.48528243526708187,-0.15861443940831435,-0.4300366343107469,-0.19788883887127906,-0.6771023866106812,-0.17772852751414134,3.2426192252673487,0.056271089941577125,-0.482719175983025,-1.1702752181732965,0.7241762494542481,-0.13242580944579607,-1.2670165712257289,2645224.4
2022-07-04,-1.6603690485550808,-0.8872632366538513,1.312182470433933,-0.3225041161563866,1.2765776374303905,-1.2402997911649585,-1.233436122990044,-0.45033731294283486,-0.8832384874079479,1.2567465149311166,-0.4855041562276122,-0.36155076303109357,-0.18264128403130628,-0.7957533086855002,0.48528243526708187,-0.15861443940831435,-0.4300366343107469,-0.19788883887127906,-0.6771023866106812,-0.17772852751414134,3.5805631527377972,-0.26888912098872264,-0.3615039861994686,-1.0178142756765376,0.8953398750414732,-0.02690332064949719,-1.103628989700989,2717090.3600000003
2022-07-11,-0.9150698251685601,-0.9292049050540364,0.90530707419425,0.029682545648044675,1.1261957757622405,-0.40485967175921933,-0.47657873616054675,-0.6119729045177527,-0.7616983519310349,1.3445006537526343,-0.4855041562276122,-0.36155076303109357,-0.18264128403130628,0.10402004035104584,0.48528243526708187,1.0886718341207025,0.6032458342414644,2.163129721455016,-0.6771023866106812,-0.17772852751414134,2.559834555480117,-0.5874134092469755,0.0531126193717275,-0.5545151339836693,1.0910569154556242,0.13774756990840878,-1.018793130063146,3372073.76
2022-07-18,-0.8449915301219609,-1.0503410925743082,1.2565983999093862,0.041212771995397905,0.9104468631875731,-0.9046400273658148,-0.9487603885004334,-0.7736084960926704,-0.6766202570971958,1.4322547925741522,-0.4855041562276122,-0.36155076303109357,-0.18264128403130628,0.10402004035104584,-1.1292148974484018,-0.15861443940831435,2.6698107713458867,6.885166842107606,-0.6771023866106812,-0.17772852751414134,-0.7092556816829944,-0.6803163266556325,-0.20917787603562898,-0.7987666790365373,1.0039722367992978,0.13489324497804814,-0.7894221021534411,3208082.48
2022-07-25,-1.4925286880919035,-1.183405687071744,1.8546829987535112,-0.22812044645213211,0.8628901739770021,-0.30277698300479683,0.123571258516498,-1.0737888804460891,-0.5915421622633567,1.52000893139567,-0.4855041562276122,-0.36155076303109357,-0.18264128403130628,1.003793389387592,0.48528243526708187,-1.405900712937331,-0.4300366343107469,-0.19788883887127906,1.7065342127658738,-0.17772852751414134,-0.71615249652933,-0.6869522493276794,-0.04168763801347519,-0.5462817841808225,1.0920339355840736,0.5702702467277253,-0.6040400385003735,3194115.62
2022-08-01,-1.4841947526383978,-1.3279022302759926,1.2921722050450966,-0.12489848738200068,1.4578680296432374,-0.29062908421542355,0.10409985017258515,-1.0737888804460891,-0.5064640674295176,1.6077630702171877,-0.4855041562276122,-0.36155076303109357,-0.18264128403130628,1.003793389387592,0.48528243526708187,-1.405900712937331,-0.4300366343107469,-0.19788883887127906,1.7065342127658738,-0.17772852751414134,-0.71615249652933,-0.6869522493276794,0.34651403515936724,-0.38642432415626043,0.9888892052429253,0.9678123778452551,-0.41237383709637965,3690799.29
2022-08-08,-1.6561420708592762,-1.3088015802364779,1.490051496112483,-0.31118913430468514,1.3832188439080297,-0.8050470065576751,-0.1156555877472967,-1.0737888804460891,-0.4213859725956785,1.6955172090387056,-0.4855041562276122,-0.36155076303109357,-0.18264128403130628,0.10402004035104584,0.48528243526708187,-1.405900712937331,-0.4300366343107469,-0.19788883887127906,1.7065342127658738,-0.17772852751414134,-0.71615249652933,-0.6869522493276794,0.18929627084768433,-0.5034683652060193,0.5084298571959588,0.8878315925421176,-0.2521283244471128,3556335.8000000003
2022-08-15,-2.1768556917663915,-1.2279393957945737,1.6034429999825592,-0.6230223637680018,1.3945999494338766,-1.1660824745384257,-0.7191756338684803,-1.0737888804460891,-0.3363078777618394,1.7832713478602233,-0.4855041562276122,-0.36155076303109357,-0.18264128403130628,0.10402004035104584,0.48528243526708187,-1.405900712937331,-0.4300366343107469,-0.19788883887127906,1.7065342127658738,-0.17772852751414134,-0.71615249652933,-0.6869522493276794,0.08686503299184611,-0.647084080537534,0.0313689365039635,0.6192756447232529,-0.3998055615944693,3324927.56
2022-08-22,-1.79662151452893,-1.0897799385395768,1.4655945050816834,-0.9881033610036013,0.710973702980111,-1.218420127036191,-0.6921684160453127,-1.0737888804460891,-0.2512297829280004,1.871025486681741,-0.4855041562276122,-0.36155076303109357,-0.18264128403130628,0.10402004035104584,0.48528243526708187,-1.405900712937331,-0.4300366343107469,-0.19788883887127906,1.7065342127658738,-0.17772852751414134,-0.71615249652933,-0.6869522493276794,-0.11085562766397912,-0.5401855060481136,0.15207286354568747,0.36409327988187656,-0.5820455563720441,3270444.4699999997
2022-08-29,-1.6709625715081922,-1.0443027400635108,1.4344674255879368,-0.2502626096414831,1.3871347685320017,0.313484115732488,0.40937034348748813,-0.7966992948890872,-0.1661516880941613,1.9587796255032588,-0.4855041562276122,-0.36155076303109357,-0.18264128403130628,1.9035667384241381,0.48528243526708187,-1.405900712937331,1.6365283027936757,-0.19788883887127906,1.7065342127658738,-0.17772852751414134,-0.71615249652933,-0.6869522493276794,0.5047101303006188,-0.14974026236480678,-0.3586914917260489,-0.1709573614543575,-0.6951600358891823,3973095.72
2022-09-05,-1.2874802376311156,-0.9299327644699165,1.0498256575580722,-0.8322201977824292,-0.32222861558678323,-1.6699387422258556,-1.277153179223733,0.8427474196565073,-0.08107359326032224,-0.22253753948875363,-0.4855041562276122,-0.36155076303109357,-0.18264128403130628,-0.7957533086855002,0.48528243526708187,-1.405900712937331,-0.4300366343107469,-0.19788883887127906,-0.6771023866106812,-0.17772852751414134,-0.523041680831931,-0.08308328617140848,-0.7358133615924362,-0.7745075412567832,-0.48987123665663784,-0.5785577003429722,-0.3149697019566279,2637548.79
2022-09-12,-1.1478858869915436,-0.839867573297432,0.9586677818978149,-0.34554273013358255,0.1578964534424867,-0.752402610161043,-0.8033801137018918,0.6811118280815897,0.004004501573516852,-1.1251515387957933,-0.4855041562276122,-0.36155076303109357,-0.18264128403130628,-0.7957533086855002,0.48528243526708187,-0.15861443940831435,-0.4300366343107469,-0.19788883887127906,-0.6771023866106812,-0.17772852751414134,-0.18509775336148285,-0.4082434971017082,-0.28392235141467426,-0.4450745689813481,-0.593379945044008,-0.675975406766205,-0.1515821204319094,3106357.84
2022-09-19,0.511361400166081,-0.7688118585080038,0.37169999715860014,-0.34976003546356194,-0.5427377844522806,-0.5661817507359126,1.1585046957575007,0.5194762365066719,0.08908259640735594,-1.1251515387957933,-0.4855041562276122,-0.36155076303109357,-0.18264128403130628,1.003793389387592,-1.1292148974484018,-0.15861443940831435,-0.4300366343107469,-0.19788883887127906,0.6849756701759218,0.9203798746268034,-0.49545442144658836,-0.5940493319190223,0.44444495119918964,0.7808397229747658,-0.825910713034221,-1.0818266369182512,-0.5129200411115861,4151595.93
2022-09-26,0.5767308306665209,-0.7355912005658263,0.02707875990640981,-0.48886122307247176,-1.5955385629710992,-0.6763280222564394,-0.6105850873351201,0.35784064493175405,0.17416069124119501,-1.1251515387957933,-0.4855041562276122,2.765863337187866,-0.18264128403130628,-0.7957533086855002,0.48528243526708187,1.0886718341207025,-0.4300366343107469,-0.19788883887127906,-0.6771023866106812,6.410921885331527,-0.4747639769075813,-0.36179203839737967,-0.5792804288614513,0.02293962768058226,-1.4486493609794233,-1.2978650947148658,-0.6951600358891609,2946790.21
2022-10-03,1.0120055691023833,-0.5701317296139885,-0.09965292088955748,-0.771327249053596,-1.4040956692444553,-0.6161789052656111,0.5666862171506879,0.19620505335683616,0.2592387860750341,-1.1251515387957933,2.059714602177749,2.765863337187866,-0.18264128403130628,1.003793389387592,-1.1292148974484018,-0.15861443940831435,-0.4300366343107469,-0.19788883887127906,0.6849756701759218,-0.17772852751414134,-0.5092480511392597,-0.6471367132953978,-0.4392812871501767,0.11035260763659861,-1.5283408028490906,-1.413671208321713,-0.871115892915811,3213421.27
2022-10-10,0.6923466564746019,-0.509833699237929,0.1782674317331768,-1.0573078082490264,-1.3993864088136454,-1.1966139974037273,-0.8824827100990378,0.03456946178191839,0.3443168809088732,-1.1251515387957933,-0.4855041562276122,-0.36155076303109357,-0.18264128403130628,-0.7957533086855002,0.48528243526708187,-0.15861443940831435,-0.4300366343107469,-0.19788883887127906,-0.6771023866106812,-0.17772852751414134,-0.523041680831931,-0.03663182746707994,-1.1459296453476164,-0.9023944090960836,-0.6091659747659588,-1.4104890616303032,-1.1413338162067017,2415214.07
2022-10-17,0.885984994592795,-0.3373116645546249,0.3472430061277993,-0.0708997914343083,-1.2769810337699659,-0.5906897478611357,-0.7090654795360639,-0.1270661297929994,0.42939497574271224,-1.1251515387957933,-0.4855041562276122,-0.36155076303109357,-0.18264128403130628,-0.7957533086855002,0.48528243526708187,1.0886718341207025,-0.4300366343107469,-0.19788883887127906,-0.6771023866106812,-0.17772852751414134,-0.18509775336148285,-0.36179203839737967,-1.0154203126831578,-0.7555123484329477,0.39038120694196954,-1.4268727927897564,-1.0910607141990987,2591309.41
2022-10-24,0.5097651551756569,-0.04739396647810701,0.31833928945503503,0.44172044891638396,-0.17047555191581346,-0.4164655162615538,-0.6819646491727813,-0.28870172136791716,0.5144730705765513,-1.1251515387957933,-0.4855041562276122,-0.36155076303109357,-0.18264128403130628,1.003793389387592,0.48528243526708187,-0.15861443940831435,1.6365283027936757,-0.19788883887127906,-0.6771023866106812,-0.17772852751414134,-0.38510538390521754,-0.6471367132953978,-0.4858498346376447,-0.6542736395457028,0.48782634434354716,-1.6889094053972231,-1.043929681066947,3190804.48
2022-10-31,0.2664437501099746,0.07950528696470407,0.5718026510469694,0.2945071534408506,-0.7228240546574158,-0.1668684259506666,-0.21689754988163204,-0.45033731294283486,0.5995511654103904,-1.1251515387957933,-0.4855041562276122,-0.36155076303109357,-0.18264128403130628,-0.7957533086855002,-1.1292148974484018,2.3359581076497196,-0.4300366343107469,-0.19788883887127906,-0.6771023866106812,-0.17772852751414134,-0.523041680831931,-0.4082434971017082,-0.9574052944897365,-0.8817975372942078,1.0451717931189213,-1.0655886261569927,-1.2073172625916868,2584225.74
2022-11-07,1.23785934784478,0.11444476053821072,-0.22860796450650608,0.603987545694062,-0.2933875366296618,-1.340245777555356,-0.3072336510925739,-0.6119729045177527,0.6846292602442295,-1.1251515387957933,-0.4855041562276122,-0.36155076303109357,-0.18264128403130628,1.003793389387592,-2.743712230163885,-1.405900712937331,1.6365283027936757,4.524148281781311,-0.6771023866106812,-0.17772852751414134,-0.5920098292952879,-0.5940493319190223,0.1484998752546714,0.34736510360051553,0.9457701599622335,-0.9263476287397676,-1.5906496653996929,3871812.38
2022-11-14,0.6230164624786604,0.3283013490202011,-0.31087238888283575,1.036811909712481,-0.9837961249675902,-0.6583330805181166,-0.7614885020004447,-0.7736084960926704,0.7697073550780685,-1.1251515387957933,-0.4855041562276122,-0.36155076303109357,-0.18264128403130628,-0.7957533086855002,0.48528243526708187,-0.15861443940831435,-0.4300366343107469,-0.19788883887127906,-0.6771023866106812,-0.17772852751414134,-0.4747639769075813,-0.36179203839737967,-0.38429909452841826,0.022435728676255026,0.876531695642201,-1.1989828630438113,-1.7037641449168097,3125602.75
2022-11-21,1.1320584990782707,0.4530439693195457,-0.9978915005662353,1.5548338950619414,0.24755237240916714,-0.04700929796122378,1.5810717018364555,-1.0045164840568386,0.8547854499119076,-1.1251515387957933,-0.4855041562276122,-0.36155076303109357,3.6472910962615406,1.9035667384241381,-2.743712230163885,1.0886718341207025,-0.4300366343107469,-0.19788883887127906,-0.6771023866106812,-0.17772852751414134,-0.5092480511392597,-0.6471367132953978,1.3736635731234985,1.396185890125124,0.8243370476616337,-0.8042753528315693,-1.9928344814605765,4958443.59
2022-11-28,0.8672811824041765,-0.22583470677598638,-0.9734345095354348,3.407213739667549,1.7763400712203148,0.7843801211909852,1.5866884542433535,-1.0737888804460891,0.9398635447457467,-1.1251515387957933,-0.4855041562276122,-0.36155076303109357,6.519740381481176,3.7031134364972305,-2.743712230163885,-1.405900712937331,-0.4300366343107469,-0.19788883887127906,-0.6771023866106812,-0.17772852751414134,-0.71615249652933,-0.6869522493276794,3.173205301032083,2.29284717373592,0.9149965703576468,0.994450774236743,-0.8554055485384277,6716907.29
2022-12-05,-0.252085478066671,-0.14157026798846697,-1.331395923713517,1.417767109523416,0.3975472996677784,-0.6340519898386306,-0.2773244445258424,0.03456946178191839,1.0249416395795858,-1.1251515387957933,-0.4855041562276122,-0.36155076303109357,-0.18264128403130628,-0.7957533086855002,-1.1292148974484018,1.0886718341207025,-0.4300366343107469,-0.19788883887127906,-0.6771023866106812,-0.17772852751414134,-0.523041680831931,1.171106098845462,1.090143298714502,1.1045588404689903,0.9422924898029146,-0.5907919731588751,0.2851654532591926,4112860.3
2022-12-12,-0.43133826856219076,-0.4704538911285015,-1.811642293045602,1.236190655257599,0.5976370378520445,-0.46587859679204,-0.2549510474383656,-0.1270661297929994,1.1100197344134248,-1.1251515387957933,-0.4855041562276122,-0.36155076303109357,-0.18264128403130628,-0.7957533086855002,0.48528243526708187,2.3359581076497196,-0.4300366343107469,-0.19788883887127906,-0.6771023866106812,-0.17772852751414134,-0.18509775336148285,0.8459458879151622,1.5706015691156687,1.4883004277554437,0.9768036178161971,0.12179474510799114,-1.9111406906982067,4466768.55
2022-12-19,-0.6024263871122074,-0.7434003258621747,-2.3385792816183066,0.8335487503810475,0.526049489206144,0.0035257088842961756,0.3821759005840906,-0.28870172136791716,1.195097829247264,-1.1251515387957933,-0.4855041562276122,-0.36155076303109357,-0.18264128403130628,-0.7957533086855002,0.48528243526708187,2.3359581076497196,-0.4300366343107469,-0.19788883887127906,-0.6771023866106812,-0.17772852751414134,0.15284617410896537,0.5207856769848624,1.0768379994323685,0.8876123227131043,0.9544353781050327,0.27740853201744387,-2.159364131860768,3919538.94
2022-12-26,-0.02941881491482485,-0.7885426215556872,-0.6421534492091353,-0.5712474613464431,-2.0824055814928326,-1.0771960763921067,-1.3482519034410494,-0.45033731294283486,1.280175924081103,-1.1251515387957933,-0.4855041562276122,-0.36155076303109357,-0.18264128403130628,-0.7957533086855002,-1.1292148974484018,1.0886718341207025,-0.4300366343107469,-0.19788883887127906,-0.6771023866106812,-0.17772852751414134,0.4907901015794136,0.1956254660545627,-1.8960158923779045,-1.6992656934570751,0.9586190247136551,0.6321404506779915,-0.6700234848853585,1589962.27
2023-01-02,0.9919714760291489,-0.9926305436170438,-0.41092371582702003,-0.7827155516732544,-1.8250724237511218,-1.5280738909711247,-1.3633235223995588,-0.6119729045177527,1.3652540189149422,-1.0875426221579998,-0.4855041562276122,-0.36155076303109357,-0.18264128403130628,-0.7957533086855002,0.48528243526708187,-0.15861443940831435,-0.4300366343107469,-0.19788883887127906,-0.6771023866106812,-0.17772852751414134,0.8287340290498618,-0.12953474487573702,-1.4184926144654437,-1.1074003200887153,1.010469432000797,1.4590654833975727,-0.8648317551648452,2252501.02
2023-01-09,0.7029633176928456,-1.0635204786132733,-0.646600174851099,0.10840832107529685,-1.320516437660677,-0.2186955389455232,-0.032387233315034764,-0.7736084960926704,1.4503321137487812,-0.9371069556068267,-0.4855041562276122,-0.36155076303109357,-0.18264128403130628,-0.7957533086855002,0.48528243526708187,1.0886718341207025,-0.4300366343107469,-0.19788883887127906,-0.6771023866106812,-0.17772852751414134,1.16667795652031,-0.45469495580603675,-0.8848131469357423,-0.584942535468179,0.9892466213690105,1.334274959942844,-3.0265751414920277,2740648.42
2023-01-16,0.9355137929799846,-1.0269912137661934,-0.7622150415421565,0.12555308657156622,-0.995274125116732,-0.6045520509071899,0.05097473365734215,-1.0506980816496723,1.5354102085826202,-0.8493528167853089,-0.4855041562276122,-0.36155076303109357,-0.18264128403130628,-0.7957533086855002,-1.1292148974484018,1.0886718341207025,-0.4300366343107469,-0.19788883887127906,1.3660146985692232,-0.17772852751414134,-0.4195894581368959,-0.6803163266556325,-0.47636002559082874,-0.2075221812270806,0.9869547411355859,1.3633187961808728,-2.825482733461575,3229895.93
2023-01-23,1.0380914898024889,-1.0085729461809538,-1.7582815853420368,1.524172957938287,0.7687374824251196,-1.0468053195625866,-0.2238248778501395,-1.0737888804460891,1.6204883034164594,-0.7615986779637912,-0.4855041562276122,-0.36155076303109357,-0.18264128403130628,-0.7957533086855002,-1.1292148974484018,1.0886718341207025,3.1864520056219923,-0.19788883887127906,1.7065342127658738,-0.17772852751414134,-0.71615249652933,-0.6869522493276794,0.6801248480422787,0.197189703016241,0.8451228219811938,1.0342657664149226,-2.1279434431060213,4685138.9
2023-01-30,0.8688502675862959,-1.1958046738496524,-1.6893573378915987,0.03759131255992186,-0.25163830783874286,-0.9644466837024286,-0.2938938641261913,-1.0737888804460891,1.7055663982502984,-0.6738445391422734,-0.4855041562276122,-0.36155076303109357,-0.18264128403130628,-0.7957533086855002,0.48528243526708187,-0.15861443940831435,-0.4300366343107469,-0.19788883887127906,1.7065342127658738,-0.17772852751414134,-0.71615249652933,-0.6869522493276794,-0.04843812073749892,-0.05812962373881445,0.7533862273405655,1.8161980097423742,-1.933135172826536,3843276.43
2023-02-06,0.7846637902396286,-1.2207026930893818,-1.2669184019050423,-0.44352539835414695,-0.1564957158527018,-1.622275782707398,-0.777028183659529,-1.0737888804460891,1.7906444930841379,-0.5860904003207557,-0.4855041562276122,-0.36155076303109357,-0.18264128403130628,0.10402004035104584,-1.1292148974484018,-1.405900712937331,-0.4300366343107469,-0.19788883887127906,1.7065342127658738,-0.17772852751414134,-0.71615249652933,-0.6869522493276794,-0.2851941814931135,-0.3969837077558677,0.4383464965957941,1.6845957099962021,-1.3424262242371314,3585266.74
2023-02-13,0.16032368564079985,-1.2474947666885337,-1.4625743301514473,-1.0276204479831195,-0.11102820300072982,-0.5708081210462205,0.14285544178018092,-1.0737888804460891,1.8757225879179769,-0.49833626149923793,-0.4855041562276122,-0.36155076303109357,-0.18264128403130628,1.003793389387592,-1.1292148974484018,-1.405900712937331,-0.4300366343107469,-0.19788883887127906,1.7065342127658738,-0.17772852751414134,-0.71615249652933,-0.6869522493276794,-0.5033619564869236,-0.7257643107846292,0.20185604226468665,1.5148392723441626,-0.4500786636020923,3227997.1
2023-02-20,-0.023014271727586553,-1.2606308044104895,-0.7266412364064465,-1.4731994066359235,-0.18567171638903282,-0.5666817853107778,0.11879701897063476,-1.0737888804460891,1.960800682751816,-0.4105821226777203,-0.4855041562276122,-0.36155076303109357,-0.18264128403130628,1.003793389387592,-1.1292148974484018,-1.405900712937331,0.08660459996535874,-0.19788883887127906,1.7065342127658738,-0.17772852751414134,-0.71615249652933,-0.6869522493276794,-0.6745698516614383,-0.9249978787187624,-0.2588285091297907,1.3580352068691741,-0.23327591119427782,3078701.41
2023-02-27,-0.14653012876889135,-1.1920514337574442,-1.0779325621215827,-1.2660212866948224,0.22757621563775748,0.12183641048014367,0.44793871001485397,-1.0737888804460891,2.045878777585655,-0.32282798385620254,-0.4855041562276122,-0.36155076303109357,-0.18264128403130628,1.9035667384241381,0.48528243526708187,-1.405900712937331,-0.4300366343107469,-0.19788883887127906,1.7065342127658738,-0.17772852751414134,-0.71615249652933,-0.6869522493276794,-0.33156706281466775,-0.6887952204403713,-0.7387717698440517,0.998845320146136,-0.14215591380546902,3428360.6900000004
2023-03-06,-0.7764032392494041,-1.1380105679071355,-1.435893976299665,-1.0502532379637473,-0.12155617432084541,-0.5376608710981156,-0.6168571275228227,1.812560969106014,-0.5064640674295176,-0.23507384503468484,-0.4855041562276122,-0.36155076303109357,-0.18264128403130628,-0.7957533086855002,0.48528243526708187,-0.15861443940831435,-0.4300366343107469,-0.19788883887127906,-0.33658287241403045,-0.17772852751414134,-0.5713193847562809,-0.22907358495644098,-0.6198811582885505,-0.786367164251485,-0.8578339717711388,0.6892131468197518,-0.6260345206286998,2988514.73
2023-03-13,-0.7714133367890268,-1.026746840198048,-1.0534755710907822,-1.7000791636039532,-0.30863692097160883,-0.5319230794008173,-0.6647867480616851,2.1358321522558494,-0.9440085551464042,-0.1473197062131671,-0.4855041562276122,-0.36155076303109357,-0.18264128403130628,-0.7957533086855002,0.48528243526708187,-0.15861443940831435,-0.4300366343107469,-0.19788883887127906,-0.6771023866106812,-0.17772852751414134,-0.2333754572858326,-0.45469495580603675,-0.7469663330495188,-0.8903098311887357,-1.0351309554638628,0.2991129208220874,-0.6543131405079965,2872862.4699999997
2023-03-20,-0.7002175254665788,-0.8415264303831258,-0.5776759274006608,-0.673857441447637,1.1720123133444638,0.26917012727426215,0.41522112724467347,1.9741965606809317,-0.9440085551464042,-0.059565567391649366,-0.4855041562276122,-0.36155076303109357,-0.18264128403130628,1.003793389387592,0.48528243526708187,-0.15861443940831435,2.6698107713458867,-0.19788883887127906,-0.6771023866106812,-0.17772852751414134,-0.6195970886806306,-0.6803163266556325,0.24858311911954484,-0.4889767697333584,-1.208984297047672,-0.10515098009134745,-0.5254883166134964,3923778.38
2023-03-27,-0.5493132116240589,-0.680226589876446,-0.3575630081234552,-1.276764107786598,-0.5916742525959401,-0.912762437728962,-0.6883771081706566,1.812560969106014,-0.9440085551464042,0.028188571429868373,-0.4855041562276122,-0.36155076303109357,-0.18264128403130628,-0.7957533086855002,0.48528243526708187,1.0886718341207025,-0.4300366343107469,-0.19788883887127906,-0.6771023866106812,-0.17772852751414134,-0.523041680831931,1.5427177684800901,-0.9493829816872736,-1.049361952626025,-0.928340255155237,-0.2187803393276745,-0.7705696889005863,2569945.25
2023-04-03,-0.4227850284106842,-0.5745982334889408,-0.6932907940917183,-1.0623405901046317,-0.21934584403150587,-0.4691645382840116,-0.6659100985430647,1.6509253775310961,-0.9440085551464042,0.11594271025138611,2.059714602177749,2.765863337187866,-0.18264128403130628,-0.7957533086855002,0.48528243526708187,1.0886718341207025,-0.4300366343107469,-0.19788883887127906,-0.6771023866106812,-0.17772852751414134,-0.18509775336148285,1.2175575575497906,-0.7515644879484915,-0.9296409481157776,-0.4068191904151376,0.026004462408703743,-0.748575206772257,2770186.89
2023-04-10,-0.045602204356557555,-0.6669699782437475,-0.8644897313073229,-0.8820003478350577,-0.3163867846312925,-0.46053368940356443,-0.7913509022971187,1.4892897859561784,-0.9440085551464042,0.20369684907290384,2.059714602177749,2.765863337187866,-0.18264128403130628,1.003793389387592,-1.1292148974484018,-0.15861443940831435,-0.4300366343107469,-0.19788883887127906,-0.6771023866106812,-0.17772852751414134,0.15284617410896537,0.8923973466194908,-0.8310049513094663,-0.9674738653245964,0.2150573210859146,0.6007549548890322,-0.32753797745853824,2774051.74
2023-04-17,-0.32288307935772886,-0.6955726906053153,-0.5109750427712046,-0.6730918879789823,-1.113200012215198,0.10334143416695563,-0.53583547405332,1.3276541943812608,-0.9440085551464042,0.2914509878944216,-0.4855041562276122,-0.36155076303109357,-0.18264128403130628,-0.7957533086855002,0.48528243526708187,1.0886718341207025,-0.4300366343107469,-0.19788883887127906,-0.6771023866106812,-0.17772852751414134,0.4907901015794136,0.567237135689191,-0.6164570003850602,-0.36658330086087554,-0.2173325138566296,0.1578447518179102,-0.20813936019045406,2830822.78
2023-04-24,-0.5036077344771428,-0.6710099585963146,-0.14634354013017753,-1.1779620155242585,-0.2803502461665858,-0.7243586542564158,-0.8280002117521278,1.1660186028063428,-0.9440085551464042,0.3792051267159393,-0.4855041562276122,-0.36155076303109357,-0.18264128403130628,-0.7957533086855002,0.48528243526708187,1.0886718341207025,-0.4300366343107469,-0.19788883887127906,-0.6771023866106812,-0.17772852751414134,0.8287340290498618,0.24207692475889125,-0.842842754347247,-1.0615725052844545,-0.22849687146922967,0.4396571982900127,0.0746468386023455,2609425.66
2023-05-01,-0.3855301213054232,-0.5964780680272084,-0.3664564594073827,-0.770415243064797,0.1427453209388481,-0.6530869194532488,-0.3630267250010934,1.0043830112314251,-0.9440085551464042,0.46695926553745704,2.059714602177749,-0.36155076303109357,-0.18264128403130628,-0.7957533086855002,0.48528243526708187,1.0886718341207025,-0.4300366343107469,-0.19788883887127906,-0.6771023866106812,-0.17772852751414134,1.16667795652031,-0.08308328617140848,-0.504535953482406,-0.8269625277875977,-0.031811943633488445,0.4608979457100393,0.04951028759852176,2947521.58
2023-05-08,-0.6314248597228749,-0.6460787543994131,0.10044973299881116,-0.5493856672625763,-0.30465077063283974,-0.9382326862629594,-0.8708747551247821,0.8427474196565073,-0.9440085551464042,0.5547134043589748,-0.4855041562276122,-0.36155076303109357,-0.18264128403130628,-0.7957533086855002,0.48528243526708187,-0.15861443940831435,-0.4300366343107469,-0.19788883887127906,-0.6771023866106812,-0.17772852751414134,1.5046218839907581,-0.4082434971017082,-0.6949191329164663,-0.9619174789822381,-0.10266882028971276,0.24418258828973444,-0.41237383709637965,2631397.92
2023-05-15,-0.13007476876990218,-0.5854199634455678,0.34279628048583527,-0.3083014001464331,0.9606261422103198,-0.9258074573732407,-0.6325372279920796,0.6811118280815897,-0.9440085551464042,0.6424675431804925,2.059714602177749,-0.36155076303109357,-0.18264128403130628,1.003793389387592,-2.743712230163885,-0.15861443940831435,2.153169537069781,-0.19788883887127906,-0.6771023866106812,-0.17772852751414134,-0.019574197049426565,-0.6670444813115386,-0.23882130017155923,-0.9060386786809501,-0.1463870468705256,0.20470584667896063,-0.434368319224709,3312295.96
2023-05-22,-0.5462808651417538,-0.6672544384741161,0.2894355727822707,-0.19648172150251858,-0.35108169586731625,-0.27325603421726924,-0.8067969714160881,0.5194762365066719,-0.9440085551464042,0.7302216820020102,2.059714602177749,2.765863337187866,-0.18264128403130628,-0.7957533086855002,0.48528243526708187,1.0886718341207025,-0.4300366343107469,-0.19788883887127906,-0.6771023866106812,-0.17772852751414134,-0.523041680831931,0.8923973466194908,-0.7771967556831902,-0.9160311759006893,0.5910081448642049,0.2878247247715375,-0.25527039332260715,2551055.96
2023-05-29,-0.7984247112592537,-0.6041362773183051,0.3494663689487812,-0.502297359935459,0.011559963306585772,-0.4483311649883655,-0.8143327808953428,0.35784064493175405,-0.9440085551464042,0.8179758208235279,2.059714602177749,2.765863337187866,-0.18264128403130628,-0.7957533086855002,0.48528243526708187,-0.15861443940831435,-0.4300366343107469,-0.19788883887127906,-0.6771023866106812,-0.17772852751414134,-0.18509775336148285,0.567237135689191,-0.9160219003989825,-1.279063413928944,0.6668566146854267,0.2646420233234641,0.08721511410423448,2378827.13
2023-06-05,-1.2713616996522665,-0.6719525800257755,0.589589553614824,-0.23923984786805946,0.7638606682478006,-1.1513209496518577,-1.0683504084973021,0.19620505335683616,-0.9440085551464042,0.9057299596450458,-0.4855041562276122,-0.36155076303109357,-0.18264128403130628,-0.7957533086855002,0.48528243526708187,1.0886718341207025,-0.4300366343107469,-0.19788883887127906,-0.6771023866106812,-0.17772852751414134,0.15284617410896537,0.24207692475889125,-0.38204893362041037,-0.91369164480917,0.8712166800209231,0.5784899068798338,-0.3809531483416129,2797013.75
2023-06-12,-1.4024737448266276,-0.660889719385632,1.1587704357861834,-0.2532983633055555,0.4753577204716284,-1.7251589469787265,-1.2816465811492512,0.03456946178191839,-0.9440085551464042,0.9934840984665635,-0.4855041562276122,-0.36155076303109357,-0.18264128403130628,-0.7957533086855002,0.48528243526708187,1.0886718341207025,-0.4300366343107469,-0.19788883887127906,-0.6771023866106812,-0.17772852751414134,0.4907901015794136,-0.08308328617140848,-0.5366252046922579,-1.0171574073316112,0.8332954555007499,0.4439089304717923,-0.6166083140022838,2620430.84
2023-06-19,-1.2462056891123088,-0.5653652459893714,1.1254199934714553,-0.5149622718720774,0.8109230944206922,-0.9738401903588257,-1.042372928615399,-0.1270661297929994,-0.9440085551464042,1.081238237288081,-0.4855041562276122,-0.36155076303109357,-0.18264128403130628,-0.7957533086855002,0.48528243526708187,-0.15861443940831435,-0.4300366343107469,-0.19788883887127906,-0.6771023866106812,-0.17772852751414134,0.8287340290498618,-0.4082434971017082,-0.7268127179604045,-1.3255435979798784,0.8643790952942215,0.3650155968612251,-0.5317724543644424,2489606.87
2023-06-26,-1.2164684184166485,-0.5160876244834646,1.5189552127852477,0.10539851035830056,0.7684503769148298,-0.9861099463135024,-0.6699822440380657,-0.28870172136791716,-0.9440085551464042,1.1689923761095988,-0.4855041562276122,-0.36155076303109357,-0.18264128403130628,1.003793389387592,-2.743712230163885,-0.15861443940831435,-0.4300366343107469,-0.19788883887127906,1.0254951843725726,-0.17772852751414134,-0.21268501274682555,-0.6670444813115386,-0.44368377588323565,-1.084585392848149,0.9406872759130479,0.7144070772039003,-0.3778110794661399,2786823.73
2023-07-03,-0.9034521793083831,-0.5130165523488851,1.0298153921692352,-0.08270613723632887,0.3514985389496788,-1.8627587974478421,-1.3532133680671425,-0.45033731294283486,-0.8953925009556392,1.2567465149311166,-0.4855041562276122,-0.36155076303109357,-0.18264128403130628,-0.7957533086855002,0.48528243526708187,-0.15861443940831435,-0.4300366343107469,-0.19788883887127906,-0.6771023866106812,-0.17772852751414134,-0.523041680831931,-0.4082434971017082,-0.563431469422439,-0.9591325371636795,0.5253996045050948,0.508761141315567,0.11235166510803685,2765755.67
2023-07-10,-0.9658200836847016,-0.49520035345733554,1.383330080705353,0.3177372059401315,0.9767047994759482,-0.47232442063946256,-0.6466727215494393,-0.6119729045177527,-0.7616983519310349,1.3445006537526343,-0.4855041562276122,-0.36155076303109357,-0.18264128403130628,1.003793389387592,-2.743712230163885,-0.15861443940831435,2.153169537069781,5.704657561944458,-0.6771023866106812,-0.17772852751414134,-0.5989066441416235,-0.6670444813115386,-0.10596397351613585,-0.7731848063704243,0.2019327750634831,0.4177721023740418,0.611940616308654,3232066.49
2023-07-17,-1.0569130689942996,-0.64424202178664,1.5345187525321204,-0.008746975600039515,-0.4936218242261397,-0.42581070024895135,-0.8639006208862171,-0.7736084960926704,-0.6766202570971958,1.4322547925741522,-0.4855041562276122,-0.36155076303109357,-0.18264128403130628,-0.7957533086855002,-1.1292148974484018,1.0886718341207025,-0.4300366343107469,-0.19788883887127906,-0.6771023866106812,-0.17772852751414134,-0.523041680831931,-0.36179203839737967,-0.8722905123172635,-0.9128728089271383,1.0142399351440197,1.0507256730831496,0.7816123355843367,2475519.66
2023-07-24,-0.787238614244783,-0.7074696732116103,1.1343134447553833,-0.005829624047237275,-0.06463235425866119,-0.3850473774693905,-0.06767916093837681,-1.0045164840568386,-0.5915421622633567,1.52000893139567,-0.4855041562276122,-0.36155076303109357,-0.18264128403130628,0.10402004035104584,0.48528243526708187,-1.405900712937331,-0.4300366343107469,-0.19788883887127906,0.6849756701759218,-0.17772852751414134,-0.5299384956782667,-0.6471367132953978,-0.3275559064134363,-0.43046149785585835,0.9641757047208857,1.2489851366999725,0.31658614201394103,3112669.4299999997
2023-07-31,-0.33752472992870314,-0.857369289772864,0.9408808793299599,0.40141970535194277,-0.5177115513573033,-0.20440673582090751,0.4754139905385964,-1.0737888804460891,-0.5064640674295176,1.6077630702171877,-0.4855041562276122,-0.36155076303109357,-0.18264128403130628,1.003793389387592,0.48528243526708187,-1.405900712937331,-0.4300366343107469,-0.19788883887127906,1.7065342127658738,-0.17772852751414134,-0.71615249652933,-0.6869522493276794,0.3730268006406778,0.8423738897799763,0.8719624748707852,1.36299291771719,0.2851654532591926,3969093.58
2023-08-07,-0.11404060950836935,-0.7716996854904989,0.8474996408487214,-0.9771575554434138,-1.2722936694066398,-0.9729388675327031,0.21381374718732488,-1.0737888804460891,-0.4213859725956785,1.6955172090387056,-0.4855041562276122,-0.36155076303109357,-0.18264128403130628,0.10402004035104584,0.48528243526708187,-1.405900712937331,-0.4300366343107469,-0.19788883887127906,1.7065342127658738,-0.17772852751414134,-0.71615249652933,-0.6869522493276794,-0.20448188805369943,0.49388723640341764,0.6917130093497259,0.7332672878799482,0.43912682815749515,3380220.49
2023-08-14,-0.8998159548793219,-0.5935145208719623,1.1721106127120753,-1.0257320925021167,-0.5571580407644937,-0.37102119754585944,-0.0227451416831933,-1.0737888804460891,-0.3363078777618394,1.7832713478602233,-0.4855041562276122,-0.36155076303109357,-0.18264128403130628,0.10402004035104584,0.48528243526708187,-1.405900712937331,-0.4300366343107469,-0.19788883887127906,1.7065342127658738,-0.17772852751414134,-0.71615249652933,-0.6869522493276794,-0.247724110720634,-0.00023522742021758676,0.41317340298522254,0.603392610009806,0.62136682293507,3125204.5300000003
2023-08-21,-1.0696933428299729,-0.3937570846761854,1.7346214064204897,-0.23490645681706004,1.5389524402893562,-0.26966544981203944,-0.23580728298485512,-1.0737888804460891,-0.2512297829280004,1.871025486681741,-0.4855041562276122,-0.36155076303109357,-0.18264128403130628,1.003793389387592,0.48528243526708187,-1.405900712937331,2.153169537069781,-0.19788883887127906,1.7065342127658738,-0.17772852751414134,-0.71615249652933,-0.6869522493276794,0.9441763389428588,0.3528764989603447,-0.16014169462193584,0.2769440415706996,0.618224754059597,4362038.97
2023-08-28,-1.2386363659692308,-0.3401348136572017,1.2921722050450961,0.13697932513206842,0.4576857453223206,-0.3567218894932004,-0.0679599985587217,-1.0737888804460891,-0.1661516880941613,1.9587796255032588,-0.4855041562276122,-0.36155076303109357,-0.18264128403130628,0.10402004035104584,0.48528243526708187,-1.405900712937331,-0.4300366343107469,-0.19788883887127906,1.7065342127658738,0.9203798746268034,-0.71615249652933,-0.6869522493276794,0.8905638094824965,0.9476527888983449,-0.37908991489765625,0.4226484903003689,0.5993723408067406,4415805.45
2023-09-04,-1.1299328136402247,-0.14381743755517085,0.7763520305773012,-0.34947152333324116,0.1985845311904635,0.5185907347940205,0.9553186774379677,-1.0737888804460891,-0.08107359326032224,0.22876946016476613,-0.4855041562276122,-0.36155076303109357,-0.18264128403130628,1.9035667384241381,0.48528243526708187,-1.405900712937331,-0.4300366343107469,-0.19788883887127906,1.7065342127658738,6.410921885331527,-0.71615249652933,-0.6869522493276794,0.7251280662024369,0.8494554704300751,-1.409801175226156,-0.279809568017907,0.5616675143010492,4283884.74
2023-09-11,-1.9636986946830477,0.3497240393135594,1.5478589294580123,-0.6538423575752683,-0.04860637065690791,-0.3456181805513398,-0.6561743943711084,0.6811118280815897,0.004004501573516852,-1.1251515387957933,-0.4855041562276122,-0.36155076303109357,-0.18264128403130628,-0.7957533086855002,0.48528243526708187,-0.15861443940831435,-0.4300366343107469,-0.19788883887127906,-0.6771023866106812,-0.17772852751414134,-0.523041680831931,-0.4082434971017082,-0.5912160649821889,-0.6371725670863474,-1.7891221971582043,-0.958566436558246,0.7690440600824264,2692104.25
2023-09-18,-0.5058181006008992,0.7305064193853664,1.1076330909036007,-0.4652340192361665,-0.19913197695832816,0.29783177294784063,1.9742443703193113,0.5194762365066719,0.08908259640735594,-1.1251515387957933,-0.4855041562276122,-0.36155076303109357,-0.18264128403130628,1.003793389387592,-1.1292148974484018,-0.15861443940831435,-0.4300366343107469,-0.19788883887127906,1.0254951843725726,-0.17772852751414134,-0.5989066441416235,-0.6670444813115386,-0.19812273766150318,-0.14141693059690158,-1.5432971559710622,-1.3329954753873987,0.6559295805653097,3531095.68
2023-09-25,-0.5393837522523381,0.9075873413910932,0.7029810574848998,0.042049489938858216,-0.7477342082383692,-0.28356767158465845,-0.4159646164361065,0.35784064493175405,0.17416069124119501,-1.1251515387957933,-0.4855041562276122,-0.36155076303109357,-0.18264128403130628,-0.7957533086855002,0.48528243526708187,1.0886718341207025,-0.4300366343107469,-0.19788883887127906,-0.6771023866106812,-0.17772852751414134,-0.523041680831931,-0.4082434971017082,-0.5105037715427748,-0.16438482717806702,-1.4111719294537715,-1.4919844285185797,0.40142200165178243,2955764.87
2023-10-02,-0.3499343974183423,0.9281436725860391,0.9097537998362137,0.5243001962556504,-0.03679810678040042,-0.15626475158367123,1.076312885536561,0.19620505335683616,0.2592387860750341,-1.1251515387957933,2.059714602177749,-0.36155076303109357,-0.18264128403130628,1.003793389387592,-1.1292148974484018,-0.15861443940831435,-0.4300366343107469,-0.19788883887127906,1.0254951843725726,-0.17772852751414134,-0.5989066441416235,-0.6670444813115386,-0.09441966972722572,0.01639793882083406,0.9755156549920228,-0.8980271600794976,0.28830752213466565,3534797.88
2023-10-09,0.17796567676859748,0.9370515770874143,0.4873148638496575,1.1730424917841984,-0.3349494284571236,-0.19207815226918795,-0.5649021677590168,0.03456946178191839,0.3443168809088732,-1.1251515387957933,2.059714602177749,-0.36155076303109357,-0.18264128403130628,-0.7957533086855002,0.48528243526708187,1.0886718341207025,-0.4300366343107469,-0.19788883887127906,-0.6771023866106812,-0.17772852751414134,-0.523041680831931,0.567237135689191,0.3628521600131638,0.8495724469846511,1.1952078192213633,-0.8720833919941574,0.2568868333799203,3923419.47
2023-10-16,0.5488449718887835,1.1164081487003914,0.3472430061277993,1.1088512685549465,-0.3065189957439031,-0.14102420197832463,-0.43056817269404113,-0.1270661297929994,0.42939497574271224,-1.1251515387957933,-0.4855041562276122,-0.36155076303109357,-0.18264128403130628,-0.7957533086855002,0.48528243526708187,1.0886718341207025,-0.4300366343107469,-0.19788883887127906,-0.6771023866106812,0.9203798746268034,-0.18509775336148285,0.24207692475889125,0.2197223596472695,0.6000749533688764,1.1110518111732448,-1.0169659207958268,0.20032959362135125,3782772.55
2023-10-23,1.170196349371772,1.1809752232819763,-0.19525752219177805,0.787509143507168,-1.0971363253155577,-0.11807513617474029,0.4712482325034804,-0.28870172136791716,0.5144730705765513,-1.1251515387957933,-0.4855041562276122,-0.36155076303109357,-0.18264128403130628,-0.7957533086855002,0.48528243526708187,1.0886718341207025,-0.4300366343107469,-0.19788883887127906,-0.6771023866106812,6.410921885331527,0.15284617410896537,-0.08308328617140848,0.04244881332942916,0.8945454331208568,0.8178441395387276,-1.115290906357761,0.5773778586784112,3667131.02
2023-10-30,1.3386256727684802,1.3564926286972667,-0.04851557600697452,0.31741439918395614,-1.7081128474844167,0.3471271982842409,-0.04516534504072757,-0.45033731294283486,0.5995511654103904,-1.1251515387957933,-0.4855041562276122,-0.36155076303109357,-0.18264128403130628,-0.7957533086855002,0.48528243526708187,1.0886718341207025,-0.4300366343107469,-0.19788883887127906,-0.6771023866106812,-0.17772852751414134,0.4907901015794136,-0.4082434971017082,-0.4790015188306641,0.4108653763422529,0.7057813047714782,-1.2619817875052597,0.7973226799616988,3208288.62
2023-11-06,2.0240615227730707,1.3271748053246952,-0.29308548631498105,0.6222838808206044,-1.5610511015682917,-0.7375717527493886,0.1774920816227182,-0.6119729045177527,0.6846292602442295,-1.1251515387957933,-0.4855041562276122,-0.36155076303109357,-0.18264128403130628,1.003793389387592,-2.743712230163885,-0.15861443940831435,1.6365283027936757,4.524148281781311,-0.6771023866106812,-0.17772852751414134,-0.3023436057491894,-0.5940493319190223,-0.2023295602286484,0.7124534295303554,0.713793137358169,-1.1632464800837063,1.064398534377118,3623416.03
2023-11-13,1.6928245366388066,1.4270138168220317,-0.5999095556104795,0.8542267177698699,-1.5566578977194998,-0.05178273726413907,-0.05092251625779796,-0.7736084960926704,0.7697073550780685,-1.1251515387957933,-0.4855041562276122,-0.36155076303109357,-0.18264128403130628,-0.7957533086855002,0.48528243526708187,1.0886718341207025,-0.4300366343107469,-0.19788883887127906,-0.6771023866106812,-0.17772852751414134,-0.4747639769075813,-0.36179203839737967,-0.2454739498126261,0.6814681398624834,0.7087847370597152,-0.9645636075197684,1.5796978299551185,3459448.05
2023-11-20,2.12089008843146,1.4073728455800218,-0.5821226530426246,1.7899651256681561,0.17950035315774496,0.3204194692267325,2.075205494833302,-1.0045164840568386,0.8547854499119076,-1.1251515387957933,-0.4855041562276122,-0.36155076303109357,3.6472910962615406,1.9035667384241381,-2.743712230163885,-0.15861443940831435,-0.4300366343107469,-0.19788883887127906,-0.6771023866106812,-0.17772852751414134,-0.5092480511392597,-0.6471367132953978,1.4391139056216415,1.7216011676607001,1.1379822436221898,-0.3731761415654436,-0.3369641840849542,5390941.99
2023-11-27,1.6252270690563397,0.42094054735920144,-1.235791322411296,4.377119351110323,2.6980264957192084,1.4603680388117541,2.5511784550478445,-1.0737888804460891,0.9398635447457467,-1.1251515387957933,-0.4855041562276122,-0.36155076303109357,6.519740381481176,3.7031134364972305,-2.743712230163885,-1.405900712937331,-0.4300366343107469,-0.19788883887127906,-0.6771023866106812,-0.17772852751414134,-0.71615249652933,-0.6869522493276794,5.713930465421881,4.460386737242529,1.4192879331630965,1.2701755451746053,0.42970062153105476,9800999.69
2023-12-04,0.8972790631723832,0.45892023751377764,-2.091786008489318,0.09101109433058174,-1.2919431192772481,-0.2837504573326134,-0.006737397323534173,0.03456946178191839,1.0249416395795858,-1.1251515387957933,-0.4855041562276122,-0.36155076303109357,-0.18264128403130628,-0.7957533086855002,-1.1292148974484018,1.0886718341207025,-0.4300366343107469,-0.19788883887127906,-0.6771023866106812,-0.17772852751414134,-0.523041680831931,0.10272254864590566,0.6684827111704117,1.8574109475233958,0.5332662839222901,-0.7374112280075937,2.154696434167137,3946358.84
2023-12-11,-0.29421923061536237,0.038057692276869816,-1.2713651275470061,1.6594244467747323,0.5567774453271542,-0.11480810355324678,-0.24516853699635166,-0.1270661297929994,1.1100197344134248,-1.1251515387957933,-0.4855041562276122,-0.36155076303109357,-0.18264128403130628,-0.7957533086855002,0.48528243526708187,1.0886718341207025,-0.4300366343107469,-0.19788883887127906,-0.6771023866106812,-0.17772852751414134,-0.18509775336148285,-0.22243766228439407,1.4929221012479175,1.6608138511654746,1.1831655179670382,0.38885666298525007,0.29773372876108467,4439120.76
2023-12-18,-0.9128182103865778,-0.30728274542042894,-0.9289672531157973,2.8230031208012627,2.6992088217230212,1.17325785045793,0.9775048494452147,-0.28870172136791716,1.195097829247264,-1.1251515387957933,-0.4855041562276122,-0.36155076303109357,-0.18264128403130628,0.10402004035104584,0.48528243526708187,1.0886718341207025,0.08660459996535874,-0.19788883887127906,-0.6771023866106812,-0.17772852751414134,0.008013062335916133,-0.5475978732146938,1.7796708673944903,0.764094079277391,1.3138982550070266,1.207751582525275,-0.5286303854889695,4697279.86
2023-12-25,0.39682404041672814,-0.5239873644120353,-0.7399814133323378,1.3672052801354404,-1.1914620926590842,-0.2707768711990298,-0.1502454213197765,-0.45033731294283486,1.280175924081103,-1.1251515387957933,-0.4855041562276122,2.765863337187866,-0.18264128403130628,-0.7957533086855002,-1.1292148974484018,1.0886718341207025,0.6032458342414644,-0.19788883887127906,-0.6771023866106812,-0.17772852751414134,-0.6127002738342949,-0.1228988222036901,-1.2754606471825065,-0.9980092451671763,1.28110632423364,1.4736215061650593,-0.49720969673422405,2395673.9299999997
2024-01-01,1.3101894769085267,-0.68041606869282,-0.7199711479435009,-0.5882477043215193,-2.038832735850511,-0.24347876518548303,-0.2513001583738819,-0.6119729045177527,1.3652540189149422,-1.1126152332498622,-0.4855041562276122,2.765863337187866,-0.18264128403130628,-0.7957533086855002,0.48528243526708187,-0.15861443940831435,-0.4300366343107469,-0.19788883887127906,-0.6771023866106812,-0.17772852751414134,-0.28165316121018236,-0.17598620358006556,-1.3066694006457464,-0.6415141969004169,1.2808521033122298,1.5585115922828292,-0.8679738240403395,2464163.76
2024-01-08,1.0991907152702196,-0.8811219245283108,-1.2958221185778067,0.9305783743643743,-0.8627259157238194,-1.1334856828197943,-0.6571573260423155,-0.7736084960926704,1.4503321137487812,-1.0248610944283445,-0.4855041562276122,-0.36155076303109357,-0.18264128403130628,-0.7957533086855002,0.48528243526708187,-0.15861443940831435,-0.4300366343107469,-0.19788883887127906,-0.6771023866106812,-0.17772852751414134,0.05629076626026588,-0.5011464145103652,-0.10342031335925735,0.45631976599152113,1.2432142402145578,1.6847314655932042,0.6684978560671987,3680294.520000001
2024-01-15,0.9738361356161159,-1.04094372903084,-2.0628822918165537,1.9358885781223827,-0.9123321923250746,-0.01782240588547592,0.9888787730691829,-1.0737888804460891,1.5354102085826202,-0.9371069556068267,-0.4855041562276122,-0.36155076303109357,-0.18264128403130628,1.003793389387592,0.48528243526708187,-1.405900712937331,-0.4300366343107469,-0.19788883887127906,1.7065342127658738,-0.17772852751414134,-0.71615249652933,-0.6869522493276794,0.4366183045626404,1.2513194254792972,1.1470658212552824,1.6606546986860722,0.8538799197202679,4192160.72
2024-01-22,1.2653858824561153,-1.1045517199393422,-1.80941893022462,0.9114440126132168,0.18527864585152193,0.4576264353870254,0.05069389603699725,-1.0737888804460891,1.6204883034164594,-0.8493528167853089,-0.4855041562276122,-0.36155076303109357,-0.18264128403130628,1.003793389387592,0.48528243526708187,-1.405900712937331,1.6365283027936757,-0.19788883887127906,1.7065342127658738,-0.17772852751414134,-0.71615249652933,-0.6869522493276794,1.0053220157908997,1.1886424877178445,0.7825738402011748,1.582368625534473,0.5490992387991389,5176006.59
2024-01-29,1.1354636881101572,-1.174425840707772,-0.8422561030975042,0.7375873650488612,-1.1631468391798372,-0.2420080752594088,0.8230909645255788,-1.0737888804460891,1.7055663982502984,-0.7615986779637912,-0.4855041562276122,-0.36155076303109357,-0.18264128403130628,0.10402004035104584,0.48528243526708187,-1.405900712937331,-0.4300366343107469,-0.19788883887127906,1.7065342127658738,-0.17772852751414134,-0.71615249652933,-0.6869522493276794,-0.22140701140523716,0.4553839535549134,0.5242931090437061,1.5724349489357419,0.1657668359911329,3768887.68
2024-02-05,1.0343525816283343,-1.138084588428585,-0.7021842453756458,0.275211670301646,-0.4803020180691412,-0.15706522710057738,0.24573562336652818,-1.0737888804460891,1.7906444930841379,-0.6738445391422734,-0.4855041562276122,-0.36155076303109357,-0.18264128403130628,0.10402004035104584,0.48528243526708187,-1.405900712937331,-0.4300366343107469,-0.19788883887127906,1.7065342127658738,-0.17772852751414134,-0.71615249652933,-0.6869522493276794,-0.20448188805369943,0.078944402732952,-0.08657839476094369,1.2591116483981593,-0.18300280918665476,3869632.12
2024-02-12,0.7816987699816096,-0.8433909477925559,-0.6799506171658272,-0.04035552988023541,-0.7263113064370312,0.3796987781755682,0.4335691851072067,-1.0737888804460891,1.8757225879179769,-0.5860904003207557,-0.4855041562276122,-0.36155076303109357,-0.18264128403130628,1.003793389387592,0.48528243526708187,-1.405900712937331,-0.4300366343107469,-0.19788883887127906,1.7065342127658738,-0.17772852751414134,-0.71615249652933,-0.6869522493276794,-0.43350913525572166,-0.11034165896397116,-0.6930471939408784,0.7342776534465466,-0.36210073508875656,3530490.02
2024-02-19,0.8749720036274674,-0.6401464820419299,-0.46650778635156703,-0.6916041837040634,-0.49657140573048447,0.5436996138033253,1.1434798830690487,-1.0737888804460891,1.960800682751816,-0.49833626149923793,-0.4855041562276122,-0.36155076303109357,-0.18264128403130628,1.003793389387592,0.48528243526708187,-1.405900712937331,-0.4300366343107469,-0.19788883887127906,1.7065342127658738,-0.17772852751414134,-0.71615249652933,-0.6869522493276794,-0.10322464719334361,0.22243864241163777,-1.0827589897516847,0.49530079616400935,-0.6731655537608529,3988747.13
2024-02-26,0.8966898346292275,-0.45481841803282563,-0.7155244223015371,-0.8657906261619183,-0.2842344025903293,1.2337641350022335,0.8631103254247267,-1.0737888804460891,2.045878777585655,-0.4105821226777203,-0.4855041562276122,-0.36155076303109357,-0.18264128403130628,1.9035667384241381,0.48528243526708187,-1.405900712937331,-0.4300366343107469,-0.19788883887127906,1.7065342127658738,-0.17772852751414134,-0.71615249652933,-0.6869522493276794,-0.21240636777320554,-0.04232879067455332,-1.502134679586905,0.32845770139114244,-0.31182763308115485,3853348.75
2024-03-04,0.6813110362087282,-0.23179147956073082,-0.6843973428077907,-0.6987596809947912,-0.4329499769712311,-0.12108794953758382,-0.26548245820129923,2.2974677438307674,0.36862490800425585,-0.32282798385620254,-0.4855041562276122,-0.36155076303109357,-0.18264128403130628,-0.7957533086855002,0.48528243526708187,1.0886718341207025,-0.4300366343107469,-0.19788883887127906,-0.6771023866106812,-0.17772852751414134,-0.523041680831931,-0.03663182746707994,-0.2803025273452702,-0.18987221878086866,-2.2847295689698175,-0.013824435454587659,0.4548371725348785,3648533.32
2024-03-11,0.3279720713723201,0.053940792638562864,-0.8355860146345584,0.17842842804348283,-0.29004398467517617,0.2350270101476441,-0.06955141174067613,2.1358321522558494,-0.9440085551464042,-0.23507384503468484,-0.4855041562276122,-0.36155076303109357,-0.18264128403130628,-0.7957533086855002,0.48528243526708187,1.0886718341207025,-0.4300366343107469,-0.19788883887127906,-0.6771023866106812,-0.17772852751414134,-0.18509775336148285,-0.36179203839737967,-0.17376230000524365,0.07254668501729729,-2.5572980898913227,-0.498877133207903,0.24431855787801,3646863.01
2024-03-18,0.8437135626118899,0.31573360017040975,-0.4064769901850566,-1.220141797093005,0.21559067947870483,0.5836393502242846,0.5908850587704065,1.9741965606809317,-0.9440085551464042,-0.1473197062131671,-0.4855041562276122,-0.36155076303109357,-0.18264128403130628,1.003793389387592,0.48528243526708187,-0.15861443940831435,1.11988706851757,-0.19788883887127906,-0.6771023866106812,-0.17772852751414134,-0.37820856905888184,-0.5807774865749286,-0.41081186000972886,-0.5934683266574656,-2.7183097322856735,-0.8002595434064866,-0.12016143167713966,3467110.35
2024-03-25,0.7748730719801239,0.6186157861206663,-0.4887414145613858,-0.48662239283761133,-0.6377179922441636,0.44640086927986156,-0.22799063588525548,1.812560969106014,-0.9440085551464042,-0.059565567391649366,2.059714602177749,2.765863337187866,-0.18264128403130628,-0.7957533086855002,0.48528243526708187,1.0886718341207025,-0.4300366343107469,-0.19788883887127906,-0.6771023866106812,-0.17772852751414134,-0.4747639769075813,-0.4082434971017082,-0.7066591028712902,-0.4771486404264272,-2.7849457761781338,-1.149594667157985,0.1846192492439679,3028389.1100000003
2024-04-01,1.1181359115702438,0.8106795157344734,-0.19303415937079646,-0.7656075573805108,-1.0293136809075691,-0.07118323837466711,-0.33372599994510915,1.6509253775310961,-0.9440085551464042,0.028188571429868373,2.059714602177749,2.765863337187866,-0.18264128403130628,1.003793389387592,-1.1292148974484018,-0.15861443940831435,2.153169537069781,-0.19788883887127906,-0.6771023866106812,-0.17772852751414134,-0.5851130144489521,-0.6670444813115386,-0.8853023123505267,-0.5293426792585721,-2.5502068219156886,-1.2734235258358049,0.9041530217278726,2892971.91
2024-04-08,0.3684017521680402,0.732885855786407,0.38281681126350947,-0.6683701219978401,-0.6168485882772824,-0.7676116449822594,-0.9174469938319775,1.4892897859561784,-0.9440085551464042,0.11594271025138611,-0.4855041562276122,-0.36155076303109357,-0.18264128403130628,-0.7957533086855002,0.48528243526708187,-0.15861443940831435,-0.4300366343107469,-0.19788883887127906,-0.6771023866106812,-0.17772852751414134,-0.523041680831931,0.6136885943935195,-0.5314400512955441,-0.2686784237790457,-2.1171761562331985,-1.3163807392132658,1.5231405901965496,3017599.25
2024-04-15,0.04113522558759256,0.8187640529574801,0.16937398044924934,0.24396204884073114,-0.4876388983843729,0.44219679707689785,-0.25906999920342405,1.3276541943812608,-0.9440085551464042,0.20369684907290384,-0.4855041562276122,-0.36155076303109357,-0.18264128403130628,-0.7957533086855002,0.48528243526708187,1.0886718341207025,-0.4300366343107469,-0.19788883887127906,-0.6771023866106812,-0.17772852751414134,-0.18509775336148285,0.2885283834632198,-0.5855417461706907,-0.39717266988249045,-2.107111959081826,-1.3128313711176405,1.3848895596756303,2826768.48
2024-04-22,0.639370626825572,0.9114387257367277,-0.9267438902948153,-0.05247080185346315,-0.9799246506588549,0.43972813898670177,0.12403932121707283,1.1660186028063428,-0.9440085551464042,0.2914509878944216,-0.4855041562276122,-0.36155076303109357,-0.18264128403130628,-0.7957533086855002,0.48528243526708187,1.0886718341207025,-0.4300366343107469,-0.19788883887127906,-0.6771023866106812,-0.17772852751414134,0.15284617410896537,-0.03663182746707994,-0.532907547539897,-0.10862300343135506,-1.934037443477039,-1.281012985749731,0.6465033739388724,3044259.3
2024-04-29,0.4740305736429429,0.9052687563422771,-0.3864667247962195,-0.23438663655337544,-0.7276991370995783,0.4399235306483088,-0.2892600433905005,1.0043830112314251,-0.9440085551464042,0.3792051267159393,2.059714602177749,-0.36155076303109357,-0.18264128403130628,-0.7957533086855002,0.48528243526708187,1.0886718341207025,-0.4300366343107469,-0.19788883887127906,-0.6771023866106812,-0.17772852751414134,0.4907901015794136,-0.36179203839737967,-0.7575323060088602,-0.5292077063109846,-1.3925699035078971,-1.2327624732728981,0.1280620094854202,2788169.93
2024-05-06,0.30706590796809385,0.7092951885100974,0.5762493766889327,0.46140184687905195,0.17916449555038017,-0.06638248625883902,-0.10545182087476544,0.8427474196565073,-0.9440085551464042,0.46695926553745704,2.059714602177749,-0.36155076303109357,-0.18264128403130628,0.10402004035104584,0.48528243526708187,-0.15861443940831435,-0.4300366343107469,-0.19788883887127906,0.6849756701759218,-0.17772852751414134,-0.09543916035911901,-0.6471367132953978,0.20093840771955132,0.24523557325919218,-1.004853749771581,-0.9708668230444686,-0.3369641840849542,3637771.72
2024-05-13,0.17621774995720466,0.5252841779831858,0.43173079332511055,0.17722634839544454,-0.265881593789179,-0.25704482926071365,-0.8892696192573728,0.6811118280815897,-0.9440085551464042,0.5547134043589748,2.059714602177749,2.765863337187866,-0.18264128403130628,-0.7957533086855002,0.48528243526708187,-0.15861443940831435,-0.4300366343107469,-0.19788883887127906,-0.6771023866106812,-0.17772852751414134,-0.523041680831931,1.264009016254119,-0.3717764599099395,-0.21261066135113507,-0.5263816079122263,-0.8199930410788617,-0.48778349010778366,3052791.49
2024-05-20,0.2919162407743241,0.46893606575494673,0.7830221190402473,0.11138772158368218,-1.073192157659968,0.4505251040296955,-0.3971016896029409,0.5194762365066719,-0.9440085551464042,0.6424675431804925,2.059714602177749,2.765863337187866,-0.18264128403130628,-0.7957533086855002,0.48528243526708187,1.0886718341207025,-0.4300366343107469,-0.19788883887127906,-0.6771023866106812,-0.17772852751414134,-0.18509775336148285,0.9388488053238193,-0.4731315338532522,0.018503516803201434,-0.26473905364789,-0.6125132363949674,0.2851654532591926,2987868.12
2024-05-27,0.5636765061785671,0.4611859662090508,0.7630118536514102,0.08071064981506636,-1.190183787374145,-0.11659604230623133,-0.7396767801536577,0.35784064493175405,-0.9440085551464042,0.7302216820020102,2.059714602177749,-0.36155076303109357,-0.18264128403130628,-0.7957533086855002,0.48528243526708187,1.0886718341207025,-0.4300366343107469,-0.19788883887127906,-0.6771023866106812,-0.17772852751414134,0.15284617410896537,0.6136885943935195,-0.6273164725932723,-0.15919736689244826,-0.4687496293900613,-0.712933562896477,0.9167212972297829,2878877.71
2024-06-03,0.8910660838522395,0.3797294852105241,0.5873661907938418,-0.5694659119346609,-1.0195626339371018,-0.1032442787630858,-0.8514969593209841,0.19620505335683616,-0.9440085551464042,0.8179758208235279,2.059714602177749,-0.36155076303109357,-0.18264128403130628,-0.7957533086855002,0.48528243526708187,1.0886718341207025,-0.4300366343107469,-0.19788883887127906,-0.6771023866106812,-0.17772852751414134,0.4907901015794136,0.2885283834632198,-0.42039950213950167,0.0020773090817841843,-0.4879359572051005,-0.6732299719875418,1.2246440470263849,3156771.4499999997
2024-06-10,0.16823904897416278,0.44658802958120364,0.622939995929552,0.39233606761092293,-0.20792037702652416,-0.548348584889458,-0.9808694897598667,0.03456946178191839,-0.9440085551464042,0.9057299596450458,-0.4855041562276122,-0.36155076303109357,-0.18264128403130628,-0.7957533086855002,0.48528243526708187,1.0886718341207025,-0.4300366343107469,-0.19788883887127906,-0.6771023866106812,-0.17772852751414134,0.8287340290498618,-0.03663182746707994,-0.665373541863493,-0.683697742119811,-0.4034405153527039,-0.7864837812480091,1.0738247410035553,2743750.18
2024-06-17,0.25343244602539394,0.5744122697551323,0.5228886689853677,0.44422733096320816,-0.2693832321688114,-0.24143030421702247,-0.8771467953124847,-0.1270661297929994,-0.9440085551464042,0.9934840984665635,-0.4855041562276122,-0.36155076303109357,-0.18264128403130628,-0.7957533086855002,0.48528243526708187,-0.15861443940831435,-0.4300366343107469,-0.19788883887127906,-0.6771023866106812,-0.17772852751414134,1.16667795652031,-0.36179203839737967,-0.5005247970811746,-0.47093088664088933,-0.0789934059523086,-0.7408028401387717,0.5710937209274682,2906125.6599999997
2024-06-24,0.11292190087389876,0.46936725610958213,1.0498256575580718,-0.10416724602263638,0.2081228735091402,-0.5753630578458333,-0.48617402152233075,-0.28870172136791716,-0.9440085551464042,1.081238237288081,-0.4855041562276122,-0.36155076303109357,-0.18264128403130628,1.003793389387592,-1.1292148974484018,-0.15861443940831435,-0.4300366343107469,-0.19788883887127906,0.6849756701759218,-0.17772852751414134,0.19422706318697947,-0.6471367132953978,-0.17571896166438097,-0.3687653635135426,0.05039200100188974,-0.3887223821240213,0.6496454428143668,3206202.0300000003
2024-07-01,-0.354159414527331,0.411864434573579,1.430020699945973,0.16797303819948406,0.5211594088549866,-2.206599799207176,-1.654458522157102,-0.45033731294283486,-0.9318545415987131,1.1689923761095988,-0.4855041562276122,-0.36155076303109357,-0.18264128403130628,-0.7957533086855002,-1.1292148974484018,-0.15861443940831435,-0.4300366343107469,-0.19788883887127906,-0.6771023866106812,-0.17772852751414134,-0.523041680831931,-0.36179203839737967,-0.24195195882617893,-0.4860928477532356,0.3319371558655361,-0.36347871762453227,0.5868040653048516,2976902.38
2024-07-08,0.07626121795768276,0.35993353660458716,0.7919155703241745,0.43868115198259894,1.1695247260473807,0.06595649624614815,-0.21858257560370142,-0.6119729045177527,-0.846776446764874,1.2567465149311166,-0.4855041562276122,-0.36155076303109357,-0.18264128403130628,0.10402004035104584,2.0997797679825654,-1.405900712937331,1.6365283027936757,4.524148281781311,-0.6771023866106812,-0.17772852751414134,-0.5299384956782667,-0.6471367132953978,0.7958613851802506,0.32975563303857985,0.5764530088699784,-0.2032141393428513,0.3982799327763094,4338648.46
2024-07-15,-0.5781534237866994,0.175475467255647,1.374436629421426,0.7809107644719002,-0.9308524589963646,-0.06999408052015565,-0.2749841310229682,-0.7736084960926704,-0.7616983519310349,1.3445006537526343,-0.4855041562276122,-0.36155076303109357,-0.18264128403130628,-0.7957533086855002,0.48528243526708187,1.0886718341207025,-0.4300366343107469,-0.19788883887127906,-0.6771023866106812,-0.17772852751414134,-0.523041680831931,-0.36179203839737967,-0.48604550080355846,-0.09818059638632372,0.49175783500787046,-0.09255364478464136,0.5396730321726986,2772662.37
2024-07-22,-0.5143977136953987,0.05333233508674911,1.5145084871432846,-0.864679797149334,-0.10849246664313049,0.42079195569569144,0.6457420072777764,-1.0045164840568386,-0.6766202570971958,1.4322547925741522,-0.4855041562276122,-0.36155076303109357,-0.18264128403130628,0.10402004035104584,0.48528243526708187,-1.405900712937331,-0.4300366343107469,-0.19788883887127906,0.6849756701759218,-0.17772852751414134,-0.5299384956782667,-0.6471367132953978,-0.4111053592585994,-0.4749890732650247,0.6132173907432397,0.30653253511138506,0.9010109528523996,2881279.34
2024-07-29,-0.644158273916276,-0.08239248715651781,1.1854507896379665,0.4694029957720382,0.8032152946092502,-0.30971653847025865,0.011048985298309298,-1.0737888804460891,-0.5915421622633567,1.52000893139567,-0.4855041562276122,-0.36155076303109357,-0.18264128403130628,0.10402004035104584,0.48528243526708187,-1.405900712937331,-0.4300366343107469,-0.19788883887127906,1.7065342127658738,-0.17772852751414134,-0.71615249652933,-0.6869522493276794,0.5567573304336713,0.35192718922897814,0.4328200539877374,0.614273339456982,0.5930882030557977,3854603.24
2024-08-05,-0.836753353620543,-0.11511910872263595,1.3966702576312446,0.09942939260302036,0.49167134427721165,0.4602757782395678,0.10372540001212528,-1.0737888804460891,-0.5064640674295176,1.6077630702171877,-0.4855041562276122,-0.36155076303109357,-0.18264128403130628,0.10402004035104584,0.48528243526708187,-1.405900712937331,-0.4300366343107469,-0.19788883887127906,1.7065342127658738,-0.17772852751414134,-0.71615249652933,-0.6869522493276794,0.24799612062180365,0.10512015636845064,0.07863371698836236,0.5150052999509838,0.7753281978333725,3509056.9
2024-08-12,-1.0496786031497662,-0.06321713066873566,1.4722645935446288,0.07224730503714721,0.2832934689004888,0.7911200830236227,0.7557835481829185,-1.0737888804460891,-0.4213859725956785,1.6955172090387056,-0.4855041562276122,-0.36155076303109357,-0.18264128403130628,0.10402004035104584,0.48528243526708187,-1.405900712937331,-0.4300366343107469,-0.19788883887127906,1.7065342127658738,-0.17772852751414134,-0.71615249652933,-0.6869522493276794,0.28742285305342047,0.2722301627767226,-0.16621654279746007,0.5902426129865433,0.3354385552667974,3552934.15
2024-08-19,-0.6271433873472365,0.024749652386723112,1.552305655099976,0.730997746653505,1.0471836085976287,2.631625495937288,2.6806445980268423,-1.0737888804460891,-0.3363078777618394,1.7832713478602233,-0.4855041562276122,-0.36155076303109357,-0.18264128403130628,1.9035667384241381,0.48528243526708187,-1.405900712937331,1.6365283027936757,-0.19788883887127906,1.7065342127658738,-0.17772852751414134,-0.71615249652933,-0.6869522493276794,1.3922518588853028,1.0586275464049124,-0.34590281970408254,0.30013213620735973,0.9010109528523996,4924590.87
2024-08-26,-0.9252019951475631,-0.05750997023010732,1.1543237101442203,0.2805917465577923,-0.43474924816964355,0.586679476400041,0.18404495943076582,-1.0737888804460891,-0.2512297829280004,1.871025486681741,-0.4855041562276122,-0.36155076303109357,-0.18264128403130628,0.10402004035104584,0.48528243526708187,-1.405900712937331,-0.4300366343107469,-0.19788883887127906,1.7065342127658738,-0.17772852751414134,-0.71615249652933,-0.6869522493276794,0.28145503499305163,0.7248439461189019,-0.37011493701512854,0.2824991867159483,1.5294247279475137,3772547.36
2024-09-02,-1.0494851139588528,0.1644488926610115,1.521178575606231,-0.7701769765024441,0.034713263756465156,2.601976387027631,2.051100265753698,-0.8428808924819208,-0.1661516880941613,1.0687019317421502,-0.4855041562276122,-0.36155076303109357,-0.18264128403130628,1.9035667384241381,0.48528243526708187,-1.405900712937331,-0.4300366343107469,-0.19788883887127906,1.3660146985692232,-0.17772852751414134,-0.7092556816829944,-0.6139570999351631,0.4087358759199337,0.5574055055381667,-0.9578589593164227,-0.31600477807467126,1.4980040391927472,3912206.17
2024-09-09,-1.0648613602403663,0.5516343741396846,1.5478589294580123,-0.623920386301077,-0.39521778077634806,-0.11559807414210951,-0.7231073605533088,0.5194762365066719,-0.08107359326032224,-1.1251515387957933,-0.4855041562276122,-0.36155076303109357,-0.18264128403130628,-0.7957533086855002,-1.1292148974484018,1.0886718341207025,-0.4300366343107469,-0.19788883887127906,-0.6771023866106812,-0.17772852751414134,-0.4747639769075813,-0.36179203839737967,-0.05176444555803234,0.30455618372396526,-1.1158875873171938,-0.7141859149188057,1.1680868072678159,3271479.0200000005
2024-09-16,1.1408177212305293,0.7768437230292264,0.09600300735684743,0.0031630780300296157,-0.5173256394615325,2.6430023330082766,3.640968840796217,0.35784064493175405,0.004004501573516852,-1.1251515387957933,-0.4855041562276122,-0.36155076303109357,-0.18264128403130628,1.003793389387592,0.48528243526708187,-0.15861443940831435,-0.4300366343107469,-0.19788883887127906,0.6849756701759218,0.9203798746268034,-0.5092480511392597,-0.6471367132953978,1.6421175527571374,2.661413302615268,-1.5257075412215155,-1.171026446473139,0.6967764759464954,5483458.45
2024-09-23,0.46540451849031067,1.0082828141295137,0.8363828267438124,-0.25604869960989407,-1.085066870312077,0.6397986955442343,-0.2186293818737589,0.19620505335683616,0.08908259640735594,-1.1251515387957933,-0.4855041562276122,-0.36155076303109357,-0.18264128403130628,-0.7957533086855002,0.48528243526708187,-0.15861443940831435,-0.4300366343107469,-0.19788883887127906,-0.6771023866106812,6.410921885331527,-0.523041680831931,-0.36179203839737967,-0.4395747863990473,0.033980414793252194,-2.000450358808719,-1.533217028793797,0.9638523303619116,3114811.71
2024-09-30,1.0525270556173991,1.2519217328910044,0.24496831636263283,-0.5130894478313324,-0.9779813109222295,2.0316029149694717,1.830829958863184,0.03456946178191839,0.17416069124119501,-1.1251515387957933,2.059714602177749,-0.36155076303109357,-0.18264128403130628,1.003793389387592,0.48528243526708187,-0.15861443940831435,1.6365283027936757,-0.19788883887127906,-0.6771023866106812,-0.17772852751414134,-0.5299384956782667,-0.6471367132953978,0.20123190696842191,0.9123438658094151,-1.9497079823534618,-1.6050249310067333,0.618224754059597,3798808.47
2024-10-07,1.560776473820346,1.3036502873453808,-0.09965292088955748,-0.0605216009769912,-1.426728400015889,0.1959360719125905,-0.0015887076172110633,-0.1270661297929994,0.2592387860750341,-1.1251515387957933,2.059714602177749,-0.36155076303109357,-0.18264128403130628,-0.7957533086855002,0.48528243526708187,-0.15861443940831435,-0.4300366343107469,-0.19788883887127906,-0.6771023866106812,-0.17772852751414134,-0.523041680831931,0.567237135689191,0.08481053824975193,1.182406737539295,-1.3747701088561783,-1.5328683225486859,0.6967764759464954,3796524.84
2024-10-14,1.1926025922524777,1.5266674428253446,-0.010718408050282218,0.0341100074029079,-0.9796016983055782,1.2838537328987139,0.29502262573705756,-0.28870172136791716,0.3443168809088732,-1.1251515387957933,-0.4855041562276122,-0.36155076303109357,-0.18264128403130628,-0.7957533086855002,0.48528243526708187,2.3359581076497196,-0.4300366343107469,-0.19788883887127906,-0.6771023866106812,-0.17772852751414134,-0.18509775336148285,0.24207692475889125,0.022882196738056054,0.7324744167558571,-1.1088453570064796,-1.5245550522475837,1.0895350853809387,3667551.0
2024-10-21,0.7810739438856299,1.8243688347439675,0.2716486702144158,0.2058301118489769,-0.8812957759725732,1.02680024466263,0.1949976266242168,-0.45033731294283486,0.42939497574271224,-1.1251515387957933,-0.4855041562276122,-0.36155076303109357,-0.18264128403130628,-0.7957533086855002,0.48528243526708187,1.0886718341207025,-0.4300366343107469,-0.19788883887127906,-0.6771023866106812,-0.17772852751414134,0.15284617410896537,-0.08308328617140848,-0.3179682642836634,0.15622091432513568,-0.407804233033019,-1.3169642275226336,1.1335240496375973,3238475.2
2024-10-28,1.4163037639987086,2.3767315125112436,0.11823663556666611,0.2780932323232076,-1.2425716384829233,-0.1467788015604923,-0.35993751117729955,-0.6119729045177527,0.5144730705765513,-1.1251515387957933,-0.4855041562276122,-0.36155076303109357,-0.18264128403130628,-0.7957533086855002,-1.1292148974484018,1.0886718341207025,-0.4300366343107469,-0.19788883887127906,-0.6771023866106812,-0.17772852751414134,0.4907901015794136,-0.4082434971017082,-0.6942343013357682,-0.16639592409712303,-0.28321745519005603,-1.4320599642518481,1.2623488735320763,2961227.7100000004
2024-11-04,2.2640153893364228,2.7508556473464614,-0.25528831835828875,0.502760918908212,-0.5543827927364384,0.5226792527885069,1.5820546335076628,-0.7736084960926704,0.5995511654103904,-1.1251515387957933,-0.4855041562276122,-0.36155076303109357,-0.18264128403130628,1.003793389387592,-2.743712230163885,-0.15861443940831435,1.6365283027936757,4.524148281781311,-0.6771023866106812,-0.17772852751414134,-0.3023436057491894,-0.6405007906233509,0.2640407462267296,0.7769570011824943,0.13883622658371572,-1.2174685238238114,1.1523764628904325,4055026.42
2024-11-11,2.5725541022981724,2.8175699275562303,-0.7555449530792108,1.552410460027647,-0.05221653210106809,2.281998379811656,2.657662719428618,-1.0045164840568386,0.6846292602442295,-1.1251515387957933,-0.4855041562276122,-0.36155076303109357,-0.18264128403130628,1.003793389387592,0.48528243526708187,-1.405900712937331,-0.4300366343107469,-0.19788883887127906,0.6849756701759218,-0.17772852751414134,-0.654081162912309,-0.6471367132953978,1.3329650106134423,1.924649970913311,0.17335155665677945,-1.002480842685334,0.8538799197202679,5205728.800000001
2024-11-18,2.3996247714908416,2.631806624483268,-0.8689364569492867,1.5742457210569512,0.18373540135780678,-0.1819493006497537,0.2661899633816482,-1.0737888804460891,0.7697073550780685,-1.1251515387957933,-0.4855041562276122,-0.36155076303109357,-0.18264128403130628,1.003793389387592,-2.743712230163885,-1.405900712937331,-0.4300366343107469,-0.19788883887127906,0.6849756701759218,-0.17772852751414134,-0.6747716074513159,-0.6471367132953978,1.5068143990277925,1.9528953097451536,0.2969592240209842,-0.41759419042347073,0.9010109528523996,5329055.01
2024-11-25,1.5999016468359175,1.933701747761626,-1.0801559249425647,1.9978533614000715,1.25181938561794,2.488458033605177,4.0472004586251105,-1.0737888804460891,0.8547854499119076,-1.1251515387957933,-0.4855041562276122,-0.36155076303109357,3.6472910962615406,1.9035667384241381,-1.1292148974484018,-0.15861443940831435,-0.4300366343107469,-0.19788883887127906,-0.6771023866106812,-0.17772852751414134,-0.6747716074513159,-0.6471367132953978,3.846883910273059,3.6559884615043994,0.4756119816835357,0.5036249301535067,0.47997372353868084,7378378.96
2024-12-02,0.7762227267359668,1.0696363933871487,-1.0534755710907822,4.178764995794998,3.031418444671145,2.3965588220960146,2.5989676567765345,-1.0737888804460891,0.9398635447457467,-1.1251515387957933,-0.4855041562276122,-0.36155076303109357,6.519740381481176,3.7031134364972305,-2.743712230163885,-1.405900712937331,-0.4300366343107469,-0.19788883887127906,-0.6771023866106812,-0.17772852751414134,-0.71615249652933,-0.6869522493276794,5.248734155961985,3.6907215000169553,0.964115920691937,1.2297502584558804,0.9324316416071449,8559376.41
2024-12-09,-0.4872227371362547,0.8497257123937307,-1.109059641615329,1.5251395263276364,1.0539729218199494,0.8249669611794173,0.010253278707332092,-0.1270661297929994,1.0249416395795858,-1.1251515387957933,-0.4855041562276122,-0.36155076303109357,-0.18264128403130628,-0.7957533086855002,0.48528243526708187,-0.15861443940831435,-0.4300366343107469,-0.19788883887127906,-0.6771023866106812,-0.17772852751414134,-0.523041680831931,3.8652907036965174,1.6521943603016946,1.4268517438170387,0.8184076824675328,0.6333382869769701,1.7493695492308012,4511835.53
2024-12-16,-0.9713539800624154,0.6122885609644848,-1.269141764726024,2.3818990069567483,2.777291879787652,1.0918278502368075,-0.0333701649862419,-0.28870172136791716,1.1100197344134248,-1.1251515387957933,-0.4855041562276122,-0.36155076303109357,-0.18264128403130628,-0.7957533086855002,0.48528243526708187,1.0886718341207025,-0.4300366343107469,-0.19788883887127906,-0.6771023866106812,-0.17772852751414134,-0.18509775336148285,3.5401304927662176,2.4284998735644225,1.3155755467275254,0.7134374437967361,1.002777002618775,1.8436316154950618,4953876.75
2024-12-23,-0.40836177796477663,0.48710846428020027,-0.9000635364430328,1.5484009319277212,-0.43445175663309893,2.0024034169800715,-1.6580157986814708,-0.45033731294283486,1.195097829247264,-1.1251515387957933,-0.4855041562276122,-0.36155076303109357,-0.18264128403130628,-0.7957533086855002,0.48528243526708187,1.0886718341207025,-0.4300366343107469,-0.19788883887127906,-0.6771023866106812,-0.17772852751414134,0.15284617410896537,3.214970281835918,-0.7120399224339178,-0.6406233754463383,0.5985550662360698,1.0837741443241182,2.236390224929508,2527126.9200000004
2024-12-30,1.528771116863787,0.315855113337082,-1.4025435339849366,-0.900124002732898,-2.0410223102782736,0.924526366217818,-0.42368765099559114,-0.6119729045177527,1.280175924081103,-1.1251515387957933,-0.4855041562276122,-0.36155076303109357,-0.18264128403130628,-0.7957533086855002,-1.1292148974484018,1.0886718341207025,-0.4300366343107469,-0.19788883887127906,-0.6771023866106812,-0.17772852751414134,0.4907901015794136,2.8898100709056176,-1.0914366181406423,-0.2983004866762824,0.5952137641849798,1.162631326078952,2.371499186574951,2568309.02
2025-01-06,1.7776746835009818,-0.02869749742167016,-1.3358426493554805,0.1830341145893187,-2.1765455738079442,1.1381608858649725,0.3115920453374065,-0.7736084960926704,1.3652540189149422,-1.0373973999742756,-0.4855041562276122,-0.36155076303109357,-0.18264128403130628,-0.7957533086855002,0.48528243526708187,1.0886718341207025,-0.4300366343107469,-0.19788883887127906,-0.6771023866106812,-0.17772852751414134,0.8287340290498618,2.564649859975318,-0.3079892898220632,1.0129032108604688,0.7083709678362212,1.3132663013795398,1.7650798936081633,3376477.78
2025-01-13,1.2310105644860376,-0.23398688110294588,-1.6004228250523236,0.3511336785465164,-0.35410707009603465,0.29238811923575725,0.631934157610819,-1.0045164840568386,1.4503321137487812,-0.9371069556068267,-0.4855041562276122,-0.36155076303109357,-0.18264128403130628,0.10402004035104584,0.48528243526708187,-1.405900712937331,1.6365283027936757,-0.19788883887127906,0.6849756701759218,-0.17772852751414134,1.16667795652031,2.239489649045018,0.6880493277617848,1.0720033655108487,1.2787416951644828,2.09400559774523,1.4508730060606183,4398011.34
2025-01-20,1.5313615951960533,-0.12643433412116528,-1.6493368071139247,1.262032785559631,0.25022556261854717,3.1265063531044475,2.1021191001163544,-1.0737888804460891,1.5354102085826202,-0.8493528167853089,-0.4855041562276122,-0.36155076303109357,-0.18264128403130628,1.003793389387592,0.48528243526708187,-0.15861443940831435,3.1864520056219923,-0.19788883887127906,1.7065342127658738,-0.17772852751414134,1.5046218839907581,1.9143294381147185,1.3897081987284243,1.4800940725421146,1.0541011802667668,1.762959712385098,0.555383376550085,5427514.720000001
2025-01-27,1.3132350098471803,-0.2655560288436353,-1.0868260134055103,0.8101590239809393,-0.48312736563602676,1.1586370916071433,1.1878990333536,-1.0737888804460891,1.6204883034164594,-0.7615986779637912,-0.4855041562276122,-0.36155076303109357,-0.18264128403130628,0.10402004035104584,0.48528243526708187,-0.15861443940831435,3.1864520056219923,-0.19788883887127906,1.7065342127658738,-0.17772852751414134,1.8425658114612062,1.5891692271844187,0.43358547899097755,0.8439710696597635,0.7154205807492263,2.2155803391223676,0.8695902640976543,4352169.71
2025-02-03,0.6991381427942651,-0.2592871326978431,-1.2824819416519153,0.5949622858100446,0.07130053646769385,0.08462375337924775,0.3787122365998369,-1.0737888804460891,1.7055663982502984,-0.6738445391422734,-0.4855041562276122,-0.36155076303109357,-0.18264128403130628,-0.7957533086855002,0.48528243526708187,-0.15861443940831435,3.1864520056219923,-0.19788883887127906,1.7065342127658738,-0.17772852751414134,2.1805097389316543,1.264009016254119,0.47271871217372374,0.6276949175435629,0.1812730283663956,2.2482647253390162,0.8381695753428845,4294527.220000001
2025-02-10,0.22120651593760837,-0.1903880645854376,-1.4581276045094835,0.11959988735617309,0.27714050146999103,2.096878436845473,1.7278093584666643,-1.0737888804460891,1.7906444930841379,-0.5860904003207557,-0.4855041562276122,-0.36155076303109357,-0.18264128403130628,0.10402004035104584,0.48528243526708187,-0.15861443940831435,3.1864520056219923,-0.19788883887127906,1.7065342127658738,-0.17772852751414134,2.518453666402103,0.9388488053238193,0.75780431591003,0.8067365325185832,-0.5078847331216566,1.8726339459924588,0.47683165466320787,4470501.01
2025-02-17,0.2559979453260652,-0.11652861209593154,-1.7471647712371274,-0.19150560239188952,0.2099252811293559,1.2249841161435702,0.6867442998481313,-1.0737888804460891,1.8757225879179769,-0.49833626149923793,-0.4855041562276122,-0.36155076303109357,-0.18264128403130628,0.10402004035104584,0.48528243526708187,-0.15861443940831435,3.1864520056219923,-0.19788883887127906,1.7065342127658738,-0.17772852751414134,2.856397593872551,0.6136885943935195,0.5771066116886993,0.6382677984379289,-0.8623289161991635,1.5240449233261655,-0.2615545310735532,4388007.67
2025-02-24,0.5210501741296578,0.06220873741631566,-1.0912727390474741,-0.47989166173977793,0.47658659399059944,1.516909763512483,1.731647472611378,-1.0737888804460891,1.960800682751816,-0.4105821226777203,-0.4855041562276122,-0.36155076303109357,-0.18264128403130628,1.003793389387592,0.48528243526708187,-1.405900712937331,3.1864520056219923,-0.19788883887127906,1.7065342127658738,-0.17772852751414134,3.194341521342999,0.2885283834632198,0.47614287007721406,0.42701263997198896,-1.0552396633665804,1.148081048148785,-0.3149697019566279,4417650.149999999
2025-03-03,-0.2601553681193029,0.3007733011087149,-1.0356886685229272,-0.7091975536001865,-0.40581910157923856,1.085363117518907,0.10082341126856136,2.2974677438307674,1.6083342898687683,-0.32282798385620254,-0.4855041562276122,-0.36155076303109357,-0.18264128403130628,-0.7957533086855002,0.48528243526708187,-0.15861443940831435,-0.4300366343107469,-0.19788883887127906,-0.6771023866106812,-0.17772852751414134,3.532285448813447,-0.03663182746707994,-0.10713797051161823,0.18027309358525528,-1.28797808035035,0.7589273421832631,0.005521323341866085,3502719.91
2025-03-10,-0.272308091913804,0.6118571701228123,-0.4820713260984402,-0.2729816114785626,-0.2460331182666102,1.641529724891189,0.3543261698998883,2.1358321522558494,-0.9440085551464042,-0.23507384503468484,-0.4855041562276122,-0.36155076303109357,-0.18264128403130628,-0.7957533086855002,2.0997797679825654,-0.15861443940831435,-0.4300366343107469,-0.19788883887127906,-0.6771023866106812,-0.17772852751414134,3.8702293762838957,-0.36179203839737967,0.06514608857542196,0.40911072802361337,-1.4598486034372549,0.46279772237024097,0.6496454428143668,3590812.0300000003
2025-03-17,0.8584698108492068,0.7573220342295627,-1.1201764557202385,-0.2588737344807964,0.1990262997104029,1.7099903409499455,3.1649022680415593,1.9741965606809317,-0.9440085551464042,-0.1473197062131671,-0.4855041562276122,-0.36155076303109357,-0.18264128403130628,1.003793389387592,0.48528243526708187,-0.15861443940831435,-0.4300366343107469,-0.19788883887127906,0.6849756701759218,-0.17772852751414134,1.3528919573713731,-0.6471367132953978,0.8763780124537509,1.0291404564552633,-1.4539845946571428,0.29167861202748746,0.5868040653048516,4818511.7
2025-03-24,-0.04675166668463907,0.9277459266383877,-0.4398274324997846,-0.17231131019051754,-0.42317108104193757,1.2262699193360809,-0.1142982059156297,1.812560969106014,-0.9440085551464042,-0.059565567391649366,-0.4855041562276122,-0.36155076303109357,-0.18264128403130628,-0.7957533086855002,0.48528243526708187,-0.15861443940831435,-0.4300366343107469,-0.19788883887127906,-0.6771023866106812,-0.17772852751414134,-0.523041680831931,-0.36179203839737967,-0.14108605029765056,0.18207273288642398,-1.6910776781747616,-0.08975289362712754,0.24117648900253696,3335468.67
2025-03-31,0.7461487444745056,1.1701404272559717,-0.4909647773823677,-0.7264023321263784,-0.1267386735822976,1.9124728289862398,1.307255022000181,1.674016176327513,-0.9440085551464042,0.028188571429868373,-0.4855041562276122,-0.36155076303109357,-0.18264128403130628,1.003793389387592,0.48528243526708187,-0.15861443940831435,1.6365283027936757,-0.19788883887127906,-0.6771023866106812,-0.17772852751414134,-0.5299384956782667,-0.6471367132953978,0.006348405718345781,0.1023577100411567,-1.6578078220344337,-0.5465782110981497,-0.23013384231878342,3772266.17
2025-04-07,-0.13905917456629213,1.3837699977640907,-0.4620610607096034,-0.22088992856193443,-0.1652010863607982,-1.3879822715701176,-1.1876127846037683,1.4892897859561784,-0.9440085551464042,0.11594271025138611,-0.4855041562276122,-0.36155076303109357,-0.18264128403130628,-0.7957533086855002,-1.1292148974484018,-0.15861443940831435,-0.4300366343107469,-0.19788883887127906,-0.6771023866106812,-0.17772852751414134,-0.523041680831931,0.567237135689191,-0.49974213241751964,-0.4452590320097179,-1.5538439485165807,-0.6355319752908565,-0.03532557203931964,2918895.1399999997
2025-04-14,-0.06466774805166234,1.6997245667339533,-0.11743982345741241,-0.47584967809476975,-0.18402052511483727,0.6105256630585306,0.16724150848012947,1.3276541943812608,-0.9440085551464042,0.20369684907290384,2.059714602177749,2.765863337187866,-0.18264128403130628,-0.7957533086855002,2.0997797679825654,-0.15861443940831435,-0.4300366343107469,-0.19788883887127906,-0.6771023866106812,-0.17772852751414134,-0.18509775336148285,0.24207692475889125,-0.5506153355550897,-0.4894716705411798,-1.4050687798073158,-0.650939708264597,0.5710937209274682,2860299.4400000004
2025-04-21,0.6158032142498483,1.877052038353869,0.0915562817148837,-0.6709713328621577,-1.426839053769971,0.16628696300293358,-0.3716858849617277,1.1660186028063428,-0.9440085551464042,0.2914509878944216,2.059714602177749,2.765863337187866,-0.18264128403130628,-0.7957533086855002,0.48528243526708187,-0.15861443940831435,-0.4300366343107469,-0.19788883887127906,-0.6771023866106812,-0.17772852751414134,0.15284617410896537,-0.08308328617140848,-0.8330594460515605,-0.23422432935817109,-1.2003432362770354,-0.5687210461051972,0.9324316416071449,2711033.6199999996
2025-04-28,0.3839346084981988,1.806114266320847,0.02263203426444552,-0.2955860990720466,-0.46013886745187366,-0.1781843344390036,-0.6354392167356434,1.0043830112314251,-0.9440085551464042,0.3792051267159393,2.059714602177749,-0.36155076303109357,-0.18264128403130628,-0.7957533086855002,0.48528243526708187,-0.15861443940831435,-0.4300366343107469,-0.19788883887127906,-0.6771023866106812,-0.17772852751414134,0.4907901015794136,-0.4082434971017082,-0.2896945033091293,0.009136394240618384,-0.3074652723888535,-0.3011562146146335,0.9010109528523996,3145732.5300000003
2025-05-05,0.22552258504646897,1.888006547787739,0.4139438907572559,0.20043093018898492,0.062455696930563374,2.437578465119834,0.7103346599571027,0.8427474196565073,-0.9440085551464042,0.46695926553745704,2.059714602177749,-0.36155076303109357,-0.18264128403130628,1.003793389387592,-1.1292148974484018,1.0886718341207025,-0.4300366343107469,-0.19788883887127906,1.0254951843725726,-0.17772852751414134,-0.30924042059552503,-0.6670444813115386,0.3713636382304111,0.5306268727367764,-0.1365599684375371,-0.19374060129050716,0.6496454428143668,3658212.15
2025-05-12,-0.08113404044547098,1.8830399965300217,-0.04629221318599293,0.20240744104446232,0.34433439334830046,-0.7801209132963253,-0.7333579336958975,0.6811118280815897,-0.9440085551464042,0.5547134043589748,-0.4855041562276122,-0.36155076303109357,-0.18264128403130628,-0.7957533086855002,0.48528243526708187,1.0886718341207025,-0.4300366343107469,-0.19788883887127906,-0.6771023866106812,-0.17772852751414134,-0.523041680831931,-0.5011464145103652,-0.1657399872027807,-0.24870692663432614,0.056355863687422514,-0.16244565458286547,0.9167212972297829,3127999.01
2025-05-19,-0.08733465408103123,1.8870216138002858,0.16492725480728587,0.509798430172428,0.5666451012079651,1.455489550228405,0.15296559611259722,0.5194762365066719,-0.9440085551464042,0.6424675431804925,-0.4855041562276122,-0.36155076303109357,-0.18264128403130628,1.9035667384241381,0.48528243526708187,-1.405900712937331,3.1864520056219923,-0.19788883887127906,-0.6771023866106812,-0.17772852751414134,-0.71615249652933,-0.6869522493276794,0.3235232606645038,0.18581148353460192,0.19807043955596065,-0.037812245386897744,0.4611213102858245,3593557.4299999997
2025-05-26,0.09243335703191516,1.8653223103582388,0.17382070609121308,0.2875997263358472,0.07852395174221688,0.8471932879336165,-0.16208740764431967,0.35784064493175405,-0.9440085551464042,0.7302216820020102,2.059714602177749,-0.36155076303109357,-0.18264128403130628,-0.7957533086855002,0.48528243526708187,1.0886718341207025,-0.4300366343107469,-0.19788883887127906,-0.6771023866106812,-0.17772852751414134,-0.523041680831931,-0.4082434971017082,0.1726646467450172,0.28473315682159206,0.3963668363908906,0.17932139037348574,1.0266937078714267,3494946.0199999996
2025-06-02,0.15373965089176236,1.6936640378949495,0.8074791100710479,0.11611205727569547,0.853343827204255,1.5493573852528983,0.9444128165145743,0.19620505335683616,-0.9440085551464042,0.8179758208235279,2.059714602177749,2.765863337187866,-0.18264128403130628,1.003793389387592,-1.1292148974484018,-0.15861443940831435,-0.4300366343107469,-0.19788883887127906,1.0254951843725726,-0.17772852751414134,-0.5989066441416235,-0.6670444813115386,0.8171889972648473,0.5756853417397877,0.5320627069756916,0.4008043579309863,0.8758744018485972,4077740.04
2025-06-09,0.07816684696291011,1.440715554154629,0.6896408805590077,0.21587987282460322,-0.04382430856775625,0.5408821921020888,-0.12412752262770109,0.03456946178191839,-0.9440085551464042,0.9057299596450458,2.059714602177749,2.765863337187866,-0.18264128403130628,-0.7957533086855002,-1.1292148974484018,1.0886718341207025,-0.4300366343107469,-0.19788883887127906,-0.6771023866106812,-0.17772852751414134,-0.523041680831931,-0.08308328617140848,0.22979916719182666,0.42835337125135964,0.703724925475853,0.6147328339853549,0.8853006084750162,3552860.14
2025-06-16,-0.5957458917941231,1.298977584524801,1.1054097280826192,-0.30041011992688865,0.04619047993192315,0.014362592653854731,-1.0458833988697103,-0.1270661297929994,-0.9440085551464042,0.9934840984665635,-0.4855041562276122,-0.36155076303109357,-0.18264128403130628,-0.7957533086855002,0.48528243526708187,1.0886718341207025,-0.4300366343107469,-0.19788883887127906,-0.6771023866106812,-0.17772852751414134,-0.18509775336148285,-0.4082434971017082,-0.18745893161920482,-0.18131043480555858,0.8237886017653541,0.7533748421998474,0.555383376550085,2987044.07
2025-06-23,-0.6779891542494846,1.0847327889392349,1.2588217627303684,-0.3469618431125693,0.7967029620457825,0.5273560467534231,0.46656760549773213,-0.28870172136791716,-0.9440085551464042,1.081238237288081,-0.4855041562276122,-0.36155076303109357,-0.18264128403130628,0.10402004035104584,-1.1292148974484018,-0.15861443940831435,-0.4300366343107469,-0.19788883887127906,1.0254951843725726,-0.17772852751414134,-0.502351236292924,-0.6670444813115386,0.21238487842550458,-0.12742023593206206,0.8242260873172902,1.0963420469834562,-0.10445108729977769,3306216.12
2025-06-30,-1.1452574267504005,0.9408953823701627,1.4811580448285557,0.17476423538695332,0.9639290544807254,1.3119481124579493,-0.000558969675946441,-0.45033731294283486,-0.9440085551464042,1.1689923761095988,-0.4855041562276122,-0.36155076303109357,-0.18264128403130628,0.10402004035104584,0.48528243526708187,-0.15861443940831435,-0.4300366343107469,-0.19788883887127906,0.003936641782620276,-0.17772852751414134,-0.6127002738342949,-0.4878745691662715,0.3157944471109115,-0.06419890728200586,0.9416555897579687,1.3178683692884838,0.052652356474016136,3285715.01
